CREATE DATABASE  IF NOT EXISTS `philippines` /*!40100 DEFAULT CHARACTER SET utf8mb4 COLLATE utf8mb4_0900_ai_ci */ /*!80016 DEFAULT ENCRYPTION='N' */;
USE `philippines`;
-- MySQL dump 10.13  Distrib 8.0.38, for Win64 (x86_64)
--
-- Host: 127.0.0.1    Database: philippines
-- ------------------------------------------------------
-- Server version	8.0.41

/*!40101 SET @OLD_CHARACTER_SET_CLIENT=@@CHARACTER_SET_CLIENT */;
/*!40101 SET @OLD_CHARACTER_SET_RESULTS=@@CHARACTER_SET_RESULTS */;
/*!40101 SET @OLD_COLLATION_CONNECTION=@@COLLATION_CONNECTION */;
/*!50503 SET NAMES utf8 */;
/*!40103 SET @OLD_TIME_ZONE=@@TIME_ZONE */;
/*!40103 SET TIME_ZONE='+00:00' */;
/*!40014 SET @OLD_UNIQUE_CHECKS=@@UNIQUE_CHECKS, UNIQUE_CHECKS=0 */;
/*!40014 SET @OLD_FOREIGN_KEY_CHECKS=@@FOREIGN_KEY_CHECKS, FOREIGN_KEY_CHECKS=0 */;
/*!40101 SET @OLD_SQL_MODE=@@SQL_MODE, SQL_MODE='NO_AUTO_VALUE_ON_ZERO' */;
/*!40111 SET @OLD_SQL_NOTES=@@SQL_NOTES, SQL_NOTES=0 */;

--
-- Table structure for table `employee`
--

DROP TABLE IF EXISTS `employee`;
/*!40101 SET @saved_cs_client     = @@character_set_client */;
/*!50503 SET character_set_client = utf8mb4 */;
CREATE TABLE `employee` (
  `employee_id` int NOT NULL AUTO_INCREMENT,
  `lastname` varchar(100) DEFAULT NULL,
  `firstname` varchar(100) DEFAULT NULL,
  `office_id` int DEFAULT NULL,
  `address` varchar(255) DEFAULT NULL,
  PRIMARY KEY (`employee_id`),
  KEY `office_id` (`office_id`),
  CONSTRAINT `employee_ibfk_1` FOREIGN KEY (`office_id`) REFERENCES `office` (`office_id`)
) ENGINE=InnoDB AUTO_INCREMENT=201 DEFAULT CHARSET=utf8mb4 COLLATE=utf8mb4_0900_ai_ci;
/*!40101 SET character_set_client = @saved_cs_client */;

--
-- Dumping data for table `employee`
--

LOCK TABLES `employee` WRITE;
/*!40000 ALTER TABLE `employee` DISABLE KEYS */;
INSERT INTO `employee` VALUES (1,'Price','Tremayne',11,'Koronadal'),(2,'Weber','Tara',47,'Toledo'),(3,'Crooks','Destin',1,'Cavite City'),(4,'Reichert','Candace',29,'Gapan'),(5,'Zboncak','Keyon',49,'El Salvador'),(6,'Hettinger','Krystel',17,'Candon'),(7,'Dibbert','Harrison',39,'Iriga'),(8,'Leffler','Lelah',23,'Las Piñas'),(9,'Senger','Lincoln',21,'Canlaon'),(10,'VonRueden','Maeve',43,'Quezon City'),(11,'Franecki','Vance',31,'Marawi'),(12,'Gleichner','Kenny',48,'Malolos'),(13,'Smitham','Janelle',17,'Naga'),(14,'Crona','Esta',5,'Maasin'),(15,'Cartwright','Milford',33,'Marikina'),(16,'Metz','Sincere',46,'Kabankalan'),(17,'Kunde','Paris',1,'Angeles'),(18,'Stanton','Ahmad',37,'Santa Rosa'),(19,'Cummerata','Ramona',9,'Digos'),(20,'Baumbach','Rosetta',31,'Santiago'),(21,'Muller','Angelita',7,'Alaminos'),(22,'Kling','Diamond',3,'Las Piñas'),(23,'Botsford','Trycia',49,'Las Piñas'),(24,'Yost','Anahi',2,'Butuan'),(25,'Mayert','Danielle',40,'Trece Martires'),(26,'Treutel','Giuseppe',16,'San Pablo'),(27,'Smith','Heidi',49,'San Jose del Monte'),(28,'Padberg','Lacy',36,'Vigan'),(29,'Boyer','Lia',30,'Sorsogon City'),(30,'Bruen','Jaquelin',33,'San Pablo'),(31,'Fritsch','Allan',50,'Kabankalan'),(32,'Nolan','Marielle',45,'Valencia'),(33,'Sawayn','Rosendo',20,'Ozamiz'),(34,'Marvin','Wilhelmine',44,'Lipa'),(35,'Wuckert','Amaya',47,'Tacloban'),(36,'Tillman','Shakira',1,'Samal'),(37,'Emard','Kayley',32,'Carcar'),(38,'Greenfelder','Noelia',14,'Bogo'),(39,'Moore','Margarette',25,'Baybay'),(40,'Cassin','Elmo',11,'Bacoor'),(41,'Pfannerstill','Josefa',35,'Victorias'),(42,'Stehr','Hobart',28,'Angeles'),(43,'Swaniawski','Emilie',44,'Navotas'),(44,'Sauer','Wyman',28,'Baybay'),(45,'Murazik','Ova',44,'Pasay'),(46,'Yundt','Alex',35,'Calamba'),(47,'Pouros','Vanessa',5,'Naga'),(48,'Oberbrunner','Jerrod',4,'Calapan'),(49,'Aufderhar','Darrick',34,'Samal'),(50,'Wehner','Orin',27,'Ozamiz'),(51,'Terry','Leone',18,'Manila'),(52,'Rosenbaum','Alfonzo',24,'Valenzuela'),(53,'Schumm','Emerson',32,'Kidapawan'),(54,'Murazik','Elaina',3,'Malolos'),(55,'Mohr','Chaim',48,'Malabon'),(56,'Hills','Waldo',31,'Puerto Princesa'),(57,'Wolff','Esmeralda',20,'Oroquieta'),(58,'Cronin','Pearlie',22,'Candon'),(59,'Murray','Wayne',48,'Himamaylan'),(60,'Jacobi','Bartholome',23,'Borongan'),(61,'Ritchie','Malachi',21,'Maasin'),(62,'O\'Connell','Madge',25,'Valenzuela'),(63,'Boyle','Brandon',23,'Kidapawan'),(64,'O\'Keefe','Alanis',43,'Tanauan'),(65,'Gleason','Alysson',25,'Muñoz'),(66,'Jenkins','Etha',29,'Guihulngan'),(67,'Balistreri','Velva',17,'Taguig'),(68,'Bartell','Rocky',12,'Parañaque'),(69,'Kertzmann','Marlee',16,'Batac'),(70,'Abernathy','Amya',28,'Sorsogon City'),(71,'Jones','Eldridge',45,'Valencia'),(72,'Mante','Jamir',32,'Calamba'),(73,'Kling','William',22,'Santiago'),(74,'Lehner','Dolores',19,'Baybay'),(75,'Schultz','Andy',39,'Balanga'),(76,'McGlynn','Camylle',29,'Dasmariñas'),(77,'Swift','Desmond',21,'Manila'),(78,'Turcotte','Craig',14,'Ormoc'),(79,'Feeney','Jeffrey',2,'Talisay'),(80,'Frami','Modesto',35,'Naga'),(81,'Cole','Theron',5,'Oroquieta'),(82,'Walsh','Yazmin',48,'Puerto Princesa'),(83,'Ruecker','Eduardo',9,'Caloocan'),(84,'Von','Herman',34,'Silay'),(85,'Lockman','Tomasa',40,'Tagaytay'),(86,'Schimmel','Elton',9,'Pagadian'),(87,'Heaney','Velda',14,'Santiago'),(88,'Kassulke','Sid',28,'Tanauan'),(89,'Schaefer','Darrel',13,'Tabuk'),(90,'Quitzon','Faustino',33,'Lucena'),(91,'Hoppe','Alexander',38,'Pagadian'),(92,'Orn','Zoey',48,'Canlaon'),(93,'Lemke','Ellis',15,'Batac'),(94,'Kertzmann','Joshua',14,'Legazpi'),(95,'Wolf','Rachael',48,'Tacloban'),(96,'Kihn','Billy',17,'San Carlos'),(97,'Wisoky','Giovanni',2,'Lucena'),(98,'Mraz','Delbert',13,'San Pablo'),(99,'Stark','Zelda',27,'Iloilo City'),(100,'Renner','Elta',3,'Isabela'),(101,'Doyle','Lennie',25,'Naga'),(102,'Hane','Kyler',21,'Parañaque'),(103,'Borer','Jaqueline',34,'Naga'),(104,'Cruickshank','Celestino',43,'General Santos'),(105,'Bailey','Odessa',15,'Dagupan'),(106,'Reichert','Davonte',2,'Bacoor'),(107,'Kris','Delmer',25,'Oroquieta'),(108,'Rogahn','Valerie',46,'Tangub'),(109,'Schuster','Theo',4,'Dipolog'),(110,'Tromp','Henri',49,'Bago'),(111,'Jenkins','Verner',33,'San Pedro'),(112,'Romaguera','Tony',3,'Calamba'),(113,'Howell','Jedidiah',34,'Trece Martires'),(114,'Turner','Wilhelm',7,'Talisay'),(115,'Daugherty','Billie',21,'Dumaguete'),(116,'Brekke','Josiah',11,'San Jose'),(117,'Kessler','Janick',20,'Zamboanga City'),(118,'Beier','Dameon',29,'Tabuk'),(119,'Runolfsdottir','Barbara',12,'Cavite City'),(120,'Renner','Naomi',32,'Tarlac City'),(121,'Bosco','Celia',5,'Maasin'),(122,'Hamill','Jeff',8,'Silay'),(123,'Orn','Ignacio',42,'Tabuk'),(124,'Barton','Furman',25,'Talisay'),(125,'Carroll','Ashly',27,'Cotabato City'),(126,'Bergnaum','Janis',27,'Kabankalan'),(127,'Fisher','Kasey',18,'Silay'),(128,'Borer','Emelie',31,'Angeles'),(129,'Schulist','Andre',36,'Alaminos'),(130,'Lubowitz','Nathan',3,'Toledo'),(131,'Stroman','Ima',39,'Santa Rosa'),(132,'Kiehn','Laron',7,'Bais'),(133,'Abbott','Guillermo',17,'Pasay'),(134,'Konopelski','Jarrett',4,'Panabo'),(135,'Goodwin','Beatrice',26,'General Santos'),(136,'Prosacco','Derrick',9,'Tacloban'),(137,'Wolff','Waldo',32,'Puerto Princesa'),(138,'Price','Rico',44,'Iriga'),(139,'Gleason','Hadley',48,'San Pablo'),(140,'Kling','Isaac',40,'Isabela'),(141,'Conn','Ola',24,'Calapan'),(142,'Conroy','Rodger',34,'Santa Rosa'),(143,'Hackett','Layne',26,'Taguig'),(144,'Lang','Larue',4,'Baybay'),(145,'Gerhold','Kaitlin',49,'Valencia'),(146,'Hegmann','Nils',12,'Iriga'),(147,'West','Alisha',35,'Bacolod'),(148,'Crona','Zetta',15,'Kidapawan'),(149,'Pouros','Elvis',47,'Tagum'),(150,'Macejkovic','Shea',5,'Bago'),(151,'White','Johnnie',18,'Baybay'),(152,'Homenick','Lupe',47,'Lipa'),(153,'Koss','Maida',49,'Marikina'),(154,'Fritsch','Linda',19,'Iloilo City'),(155,'Buckridge','Susie',13,'Vigan'),(156,'Rosenbaum','Adrian',41,'Roxas'),(157,'Stiedemann','Marian',11,'Himamaylan'),(158,'Reichert','Elaina',15,'Naga'),(159,'Herman','Kellen',21,'Lipa'),(160,'Bosco','Alivia',18,'Lamitan'),(161,'Anderson','Elisabeth',50,'Batangas City'),(162,'Stanton','Mauricio',4,'Ormoc'),(163,'Schroeder','Susan',6,'Bayawan'),(164,'Reichert','Kody',13,'Manila'),(165,'Rippin','Mark',17,'Urdaneta'),(166,'Padberg','Leif',45,'Baguio'),(167,'Wolf','Bartholome',42,'Marikina'),(168,'Cassin','Beaulah',10,'San Carlos'),(169,'Morar','Daisha',5,'Talisay'),(170,'Kreiger','Christian',38,'San Fernando'),(171,'Fisher','Caitlyn',11,'Digos'),(172,'Effertz','Ardella',5,'Bayawan'),(173,'Heidenreich','Maxwell',27,'Tagum'),(174,'Stokes','Jada',4,'Maasin'),(175,'Dach','Nolan',9,'Cagayan de Oro'),(176,'Price','Nya',3,'Bislig'),(177,'Stokes','Vince',22,'Kabankalan'),(178,'Effertz','Anika',49,'Borongan'),(179,'Jakubowski','Levi',34,'Roxas'),(180,'Steuber','Watson',46,'Candon'),(181,'Considine','Anabel',15,'Batangas City'),(182,'Hansen','Bret',38,'Candon'),(183,'Shanahan','Arnulfo',16,'Ormoc'),(184,'Johnson','Deanna',49,'Tayabas'),(185,'Jaskolski','Scarlett',10,'General Santos'),(186,'Schmeler','Hailee',20,'Batac'),(187,'McLaughlin','Jamie',15,'San Jose'),(188,'Grant','Noelia',26,'Tagbilaran'),(189,'Daugherty','Isadore',32,'Biñan'),(190,'Rowe','Sid',29,'Panabo'),(191,'Fay','Stephanie',23,'Tandag'),(192,'Hackett','Berenice',41,'San Pablo'),(193,'Torphy','Adelle',10,'Imus'),(194,'Blick','Sharon',23,'Malabon'),(195,'Fay','Alphonso',48,'Malolos'),(196,'Prohaska','Amaya',42,'Puerto Princesa'),(197,'Ratke','Dagmar',9,'Samal'),(198,'Boyer','Myah',33,'Cotabato City'),(199,'Pagac','Pasquale',23,'Navotas'),(200,'Hammes','Lukas',16,'Lapu-Lapu');
/*!40000 ALTER TABLE `employee` ENABLE KEYS */;
UNLOCK TABLES;

--
-- Table structure for table `office`
--

DROP TABLE IF EXISTS `office`;
/*!40101 SET @saved_cs_client     = @@character_set_client */;
/*!50503 SET character_set_client = utf8mb4 */;
CREATE TABLE `office` (
  `office_id` int NOT NULL AUTO_INCREMENT,
  `name` varchar(100) DEFAULT NULL,
  `contactnum` varchar(15) DEFAULT NULL,
  `email` varchar(100) DEFAULT NULL,
  `address` varchar(255) DEFAULT NULL,
  `city` varchar(100) DEFAULT NULL,
  `country` varchar(100) DEFAULT NULL,
  `postal` varchar(10) DEFAULT NULL,
  PRIMARY KEY (`office_id`)
) ENGINE=InnoDB AUTO_INCREMENT=51 DEFAULT CHARSET=utf8mb4 COLLATE=utf8mb4_0900_ai_ci;
/*!40101 SET character_set_client = @saved_cs_client */;

--
-- Dumping data for table `office`
--

LOCK TABLES `office` WRITE;
/*!40000 ALTER TABLE `office` DISABLE KEYS */;
INSERT INTO `office` VALUES (1,'Weber, Konopelski and Mann','09338297648','pKilback@Bailey.biz','43/91 O\'Keefe Street, Hadji Mohammad Ajul 1016 La Union','Marikina','Philippines','8159'),(2,'Smith Group','09651925143','Ashly56@Armstrong.com','28 McKenzie Street, Nature and Science City of Los Baños 0812 Dinagat Islands','Dapitan','Philippines','5089'),(3,'Little-Nienow','09133811169','Rodriguez.Reinhold@yahoo.com','42/65 Prosacco Street, San Quintin 4625 Bohol','Koronadal','Philippines','2174'),(4,'Hilll LLC','09842311210','Ari95@gmail.com','68A Goyette Street, Poblacion, Mabalacat 6938 Batangas','Malolos','Philippines','0413'),(5,'Considine Group','09091314723','Botsford.Drake@Jones.com','87 Cole Street, Tungawan 2151 Davao Oriental','Bais','Philippines','2887'),(6,'Mills and Sons','09132458761','Aglae.Dooley@Fisher.info','28 Walker Street, Sominot 4137 Quezon','San Fernando','Philippines','7507'),(7,'Sipes-Champlin','09667485239','Aliza45@yahoo.com','09 Waelchi Street, La Trinidad 3343 Leyte','Baybay','Philippines','5251'),(8,'Weimann-Lakin','09593965804','mKlocko@Fisher.com','05A/31 Walsh Street, Sagada 8392 Iloilo','Trece Martires','Philippines','5484'),(9,'Kuphal-O\'Connell','09146571686','jMayert@gmail.com','46A Lowe Street, Saguiaran 7622 Cagayan','Cadiz','Philippines','6368'),(10,'Schumm, VonRueden and Marvin','09452736295','Griffin.Davis@hotmail.com','85A Greenfelder Street, Dapitan City 0315 Sorsogon','Malaybalay','Philippines','9313'),(11,'Fisher-Beahan','09094158291','Raegan.Fay@Langosh.com','99A Schamberger Street, Hinatuan 0794 Ifugao','Lamitan','Philippines','6378'),(12,'Bradtke Ltd','09366117335','Demarcus.VonRueden@yahoo.com','04 Koss Street, Poblacion, Talisay 9880 Sarangani','Muñoz','Philippines','7784'),(13,'Windler Ltd','09835313088','Predovic.Kavon@gmail.com','35A Schinner Street, Poblacion, Puerto Princesa 3994 Bohol','San Jose del Monte','Philippines','1490'),(14,'Langosh LLC','09361275771','Lucinda.Yost@gmail.com','74 Morar Street, Lumbaca-Unayan 0079 Lanao del Sur','Dagupan','Philippines','4635'),(15,'Mayert Ltd','09273760874','pWisozk@Emmerich.com','19A/38 Beahan Street, Poblacion, Pasay 2131 Negros Occidental','Batangas City','Philippines','9697'),(16,'Hessel, Kunde and Cummings','09500355843','xKeeling@Raynor.com','11/79 Kulas Street, Poblacion, Sagay 1928 Isabela','San Pedro','Philippines','1025'),(17,'Boyle-Waelchi','09895293785','Franecki.Haven@Jaskolski.org','07/67 Predovic Street, Poblacion, Himamaylan 5378 Marinduque','Lipa','Philippines','5250'),(18,'Funk and Sons','09185475952','Eulah.Hessel@Mohr.com','94A/56 Block Street, Motiong 6292 Ilocos Sur','San Jose','Philippines','0121'),(19,'Ward, Tillman and Weimann','09424303088','Vita.Baumbach@hotmail.com','46/58 Dietrich Street, Himamaylan City 9984 Antique','Mandaluyong','Philippines','9475'),(20,'Schmidt, Klein and Kemmer','09967176155','Mertz.Kyler@Wiegand.org','48A McDermott Street, Poblacion, Danao 4346 Catanduanes','Mati','Philippines','6778'),(21,'Mraz, Hilll and Brown','09402005089','Harley.Ankunding@hotmail.com','57A Jacobi Street, Mabini 0957 Benguet','Cabadbaran','Philippines','9022'),(22,'Abbott, Kuhn and Nader','09357550950','Beer.Addison@gmail.com','94A Herman Street, Batuan 0952 Bataan','Palayan','Philippines','6132'),(23,'Jacobson-Walsh','09137547605','Medhurst.Rafael@Halvorson.org','88/23 Emard Street, Poblacion, Makati 1594 Cavite','San Carlos','Philippines','2455'),(24,'Dibbert, Schuster and Wilderman','09521019674','Daniela.Hansen@Jacobi.com','32/95 Dickinson Street, Lapuyan 1621 Marinduque','Tanauan','Philippines','7327'),(25,'Oberbrunner Inc','09056619235','Hadley54@yahoo.com','36 Brown Street, Poblacion, Masbate City 5129 Zambales','Mabalacat','Philippines','8391'),(26,'Gaylord Inc','09842676081','Connelly.Deondre@Hagenes.com','06A/73 Hamill Street, Santo Niño 9515 Agusan del Sur','Balanga','Philippines','3629'),(27,'Balistreri, McDermott and Farrell','09379992667','Callie.Kerluke@Mayert.com','86/79 Goodwin Street, Lumban 9374 Bukidnon','Imus','Philippines','4055'),(28,'Bergnaum-Johns','09046418108','Kreiger.Lacey@Lang.com','51/03 Considine Street, Poblacion, Kabankalan 1018 Siquijor','Valencia','Philippines','7327'),(29,'O\'Conner, Rogahn and Dibbert','09016641644','Carter.Ambrose@Dicki.com','01A Block Street, Poblacion, Sorsogon City 0809 Compostela Valley','Cavite City','Philippines','0906'),(30,'Runte, Kunze and Abshire','09883714610','Tomas.Johnston@Mayer.biz','54/14 Von Street, Tampakan 0140 Davao del Norte','Malolos','Philippines','4928'),(31,'Schultz-Effertz','09063279250','Kulas.Alison@Hilll.biz','54 Grady Street, Poblacion, El Salvador 8056 Misamis Occidental','Dagupan','Philippines','2047'),(32,'Ankunding and Sons','09843823958','Brook.Spencer@Ward.net','22 Boyle Street, Poblacion, Iriga 2531 Capiz','Bais','Philippines','2126'),(33,'Runolfsdottir and Sons','09799988573','Art.Cassin@gmail.com','41A Leuschke Street, Mankayan 3469 Iloilo','Tanjay','Philippines','3180'),(34,'Corwin-Mraz','09749332727','Aliza.Wiegand@Hamill.com','48A Schmeler Street, Poblacion, Surigao City 5728 Bataan','Valencia','Philippines','8091'),(35,'Dooley-Kling','09065670814','mKonopelski@Hessel.com','50/64 McClure Street, Poblacion, Cabuyao 9700 Davao del Sur','Meycauayan','Philippines','6931'),(36,'Schoen-Wilderman','09045819818','lBoyle@hotmail.com','18A Zemlak Street, Poblacion, Isabela 4674 Maguindanao','Naga','Philippines','6695'),(37,'Ruecker and Sons','09118622042','hLehner@gmail.com','78 Walsh Street, Nature and Science City of Los Baños 9087 Zamboanga Sibugay','San Pablo','Philippines','5032'),(38,'Dach Ltd','09534240720','pYost@yahoo.com','81A Crona Street, Datu Odin Sinsuat 1456 Mountain Province','Ormoc','Philippines','9305'),(39,'Senger Inc','09593853169','Joesph.Schumm@Stiedemann.com','60 Funk Street, Poblacion, Danao 4876 Catanduanes','Taguig','Philippines','2429'),(40,'Lowe-Stracke','09482182842','Johns.Blair@hotmail.com','07A Trantow Street, Poblacion, Cotabato City 9079 Antique','Catbalogan','Philippines','6419'),(41,'Doyle, Connelly and Skiles','09408542406','sHirthe@Fadel.com','68/17 Hackett Street, Languyan 9846 Aurora','Bais','Philippines','2351'),(42,'Jacobson, Gutmann and Stamm','09926662867','Mina.Hayes@Steuber.com','34 Waelchi Street, Maria 7901 Tawi-Tawi','San Juan','Philippines','8497'),(43,'Mraz Inc','09515293809','Mann.Aaron@yahoo.com','80/75 Daniel Street, Kumalarang 2961 Bulacan','Angeles','Philippines','9046'),(44,'Collier Group','09715263161','Bulah.Kunze@yahoo.com','33 Bauch Street, Poblacion, Muntinlupa 7949 Quezon','Navotas','Philippines','0128'),(45,'Champlin, Stark and Von','09958519844','Misael.Bechtelar@Schumm.com','28/58 Rodriguez Street, Poblacion, Tagaytay 6876 Isabela','Legazpi','Philippines','6441'),(46,'Zboncak-Mraz','09111497519','Tyree.Hoppe@Gleichner.net','10A Cormier Street, Poblacion, Cauayan 1046 Iloilo','Olongapo','Philippines','1667'),(47,'Feeney and Sons','09983069846','fHegmann@hotmail.com','85A Schumm Street, Loay 1833 Dinagat Islands','Tangub','Philippines','7280'),(48,'Yundt LLC','09608060010','sFlatley@gmail.com','38/34 Stokes Street, Poblacion, Samal 0385 Capiz','Olongapo','Philippines','0696'),(49,'Douglas, Schuster and Keeling','09268852502','yTromp@yahoo.com','58A/37 Heller Street, Poblacion, Carcar 9577 Lanao del Norte','Gingoog','Philippines','7711'),(50,'Jakubowski Ltd','09054747754','yBailey@Hauck.com','79 Gislason Street, Poblacion, Sagay 5480 Ilocos Sur','Borongan','Philippines','3284');
/*!40000 ALTER TABLE `office` ENABLE KEYS */;
UNLOCK TABLES;

--
-- Table structure for table `transaction`
--

DROP TABLE IF EXISTS `transaction`;
/*!40101 SET @saved_cs_client     = @@character_set_client */;
/*!50503 SET character_set_client = utf8mb4 */;
CREATE TABLE `transaction` (
  `id` int NOT NULL AUTO_INCREMENT,
  `employee_id` int DEFAULT NULL,
  `office_id` int DEFAULT NULL,
  `datelog` date DEFAULT NULL,
  `action` text,
  `remarks` text,
  `documentcode` varchar(50) DEFAULT NULL,
  PRIMARY KEY (`id`),
  KEY `employee_id` (`employee_id`),
  KEY `office_id` (`office_id`),
  CONSTRAINT `transaction_ibfk_1` FOREIGN KEY (`employee_id`) REFERENCES `employee` (`employee_id`),
  CONSTRAINT `transaction_ibfk_2` FOREIGN KEY (`office_id`) REFERENCES `office` (`office_id`)
) ENGINE=InnoDB AUTO_INCREMENT=501 DEFAULT CHARSET=utf8mb4 COLLATE=utf8mb4_0900_ai_ci;
/*!40101 SET character_set_client = @saved_cs_client */;

--
-- Dumping data for table `transaction`
--

LOCK TABLES `transaction` WRITE;
/*!40000 ALTER TABLE `transaction` DISABLE KEYS */;
INSERT INTO `transaction` VALUES (1,130,31,'2023-06-23','labore','illo animi a perspiciatis delectus ab','27de9827-4b32-382f-b330-e0da5b171197'),(2,107,45,'2022-07-06','fuga','est iure ex asperiores alias accusamus','d6bead6c-42c7-359d-994a-6d550923ef23'),(3,72,22,'2020-11-25','est','maiores quam fugiat nobis pariatur ut','afb52568-dcf7-39c4-b31c-e255ae13438e'),(4,165,2,'2024-02-12','voluptatum','iste quod nobis sunt qui omnis','7d725d4c-d5fe-37b9-b07f-229d88343649'),(5,160,4,'2024-09-04','modi','debitis nihil dolorem dolorum ut quia','d2ae5845-b833-3459-8b4a-3b3b3591bed5'),(6,97,5,'2021-02-21','ducimus','qui assumenda odit impedit quis aut','9d2b857e-4c43-35d4-8d76-a214fb50de21'),(7,151,39,'2024-05-31','earum','accusantium voluptatibus mollitia non qui explicabo','e075d048-869e-3055-bae8-2cd02e6ff880'),(8,56,29,'2022-02-08','odio','harum necessitatibus veniam velit cum architecto','5730c9b1-f645-3e42-b552-0587cc0395d3'),(9,77,2,'2020-09-03','est','quia soluta quibusdam vitae dolores corrupti','b6262025-695a-3c5d-a888-2298f9c1c052'),(10,199,18,'2024-06-02','quam','quia vitae quod eos tempore quam','c331b1bf-d1d9-34fe-b1d8-47192cabfca7'),(11,190,16,'2020-04-16','cum','consequatur est dolorem quia repudiandae odio','caf2fc89-20ce-3e23-a2d8-e5c655e9bf6b'),(12,128,30,'2022-03-02','accusantium','ut porro asperiores amet eligendi reprehenderit','80c2cd92-5040-3fe8-b968-a8e9ea40703a'),(13,109,16,'2021-07-27','reprehenderit','et quia in perferendis voluptatem optio','ff268bcb-0d14-3351-b9e2-ba967445931f'),(14,31,12,'2020-07-09','fugit','esse facere earum distinctio quo ipsum','002eabd7-27e0-3dc7-9e41-7db51ed2f9a0'),(15,113,46,'2022-01-16','et','autem et voluptatibus inventore aliquid nulla','3313c7fe-1589-35f5-b7dc-6d2aea5b3b47'),(16,98,34,'2022-03-28','a','rerum eligendi cupiditate voluptatem nulla tempora','39fe684a-d666-36d7-85d1-3a607e5dac55'),(17,60,48,'2021-07-17','deserunt','culpa earum doloremque soluta eligendi quasi','784294c1-0279-322b-a407-25a24a1b3a92'),(18,142,32,'2021-08-09','repellendus','eos sunt accusantium autem molestiae est','33eb4165-6f99-3b48-8f01-7c660dc3b3c7'),(19,41,9,'2022-02-06','voluptate','fugiat ea ut sed quia et','c20357ab-ac83-3bb7-bd56-86c8c47f8e05'),(20,99,26,'2023-07-17','facere','et blanditiis dolores ducimus occaecati culpa','783ca5fc-9c45-35dc-b6a2-00f574b02828'),(21,22,39,'2022-05-17','dolore','quam maxime velit quas eius praesentium','3500c4dd-54fd-3f83-b137-511ec33f18dc'),(22,7,22,'2021-08-16','voluptatem','ut nulla ducimus nam voluptas assumenda','b7b7358d-233a-3c69-9fbb-95a0ab573fff'),(23,179,43,'2020-10-02','pariatur','odio aut consequatur consequatur sequi et','6f565806-c3dd-316c-98ea-1f44583826ca'),(24,64,19,'2022-04-10','et','voluptas ut quisquam fugiat quaerat rem','92b19ef7-da0b-30c5-9102-7112ce2e1bab'),(25,59,4,'2021-09-30','molestias','ut velit quis est alias et','6087b85f-cd40-3c64-89b6-35b350b640d7'),(26,44,10,'2024-09-06','fuga','aut illum fuga molestias corrupti qui','2320ef3e-852c-33fb-9cb8-a02c780a8021'),(27,107,20,'2022-07-21','veritatis','eveniet labore voluptatum praesentium asperiores quae','baa7b5bb-8999-371b-923d-8a6dce585f35'),(28,91,45,'2023-05-25','incidunt','aut accusamus eius corporis voluptatum ducimus','c2c82b38-8b86-392e-ba16-d042954c648b'),(29,47,47,'2021-01-05','non','ducimus ipsam dolore ut similique velit','f6dafcff-bff3-3400-a393-6c7009064f9f'),(30,23,43,'2023-09-18','sint','recusandae alias voluptatem doloribus nam dolores','35fff9d6-807b-3f5d-9fa2-cfd9038fa8a6'),(31,9,35,'2024-02-09','ipsam','doloremque adipisci ut id sunt rerum','abd01027-26ac-3ff3-8aad-3ad6c957ec7b'),(32,9,17,'2020-09-14','est','optio sunt ipsum eum ratione vitae','d57ebd6a-d884-39c5-8f2d-e1c9d1f5d968'),(33,195,3,'2024-06-05','architecto','dolorem fugit blanditiis id fugiat dolores','47c7842b-670b-311d-a2c3-b8a5dd15488a'),(34,37,34,'2020-05-20','est','quidem optio enim velit est eaque','30265d91-e8a3-3ef8-b1aa-f70d37fea5b8'),(35,75,14,'2024-04-13','occaecati','officiis ut veniam ratione qui ut','3c6b0194-035a-3f82-b116-94769598e6a7'),(36,146,5,'2024-05-31','vitae','aut atque rerum corrupti necessitatibus odio','b74b174c-e497-349d-92b1-0885a1a7e92d'),(37,106,16,'2020-07-30','perspiciatis','sapiente officia qui vel itaque recusandae','96a2cf04-ee93-3db0-aec3-d398b5ad72e1'),(38,29,38,'2020-10-16','et','id quaerat explicabo tempora quae expedita','ea10ecf2-e80b-34c9-86e4-bc353e5436db'),(39,122,15,'2023-01-14','illum','incidunt recusandae optio ut ad architecto','3df7ca32-7c6c-31a7-bd2e-5a031f426d00'),(40,29,43,'2021-10-26','aspernatur','enim officia omnis modi explicabo earum','2c224604-57fe-3145-af87-487faf26a12e'),(41,135,25,'2021-08-05','sed','est voluptatum accusantium reiciendis quia quo','5196a10a-6d00-31e5-ba58-39fe3e33ed62'),(42,184,24,'2023-04-24','ut','rerum aspernatur sed illum quis veniam','5811ca23-9d0d-34dd-9ecb-7408c4fccc15'),(43,119,2,'2024-11-30','quis','est modi assumenda ut eum nihil','717afa0a-31f0-3428-a041-6a329310fbe1'),(44,192,7,'2022-03-25','quam','vero dolorem minima ipsa est earum','875c11fa-2efb-3ac7-b9e7-0e63a7b373b1'),(45,106,16,'2021-10-28','reiciendis','sint modi temporibus eos labore et','3511ad89-c0b9-3f48-a20a-3b5feea070f4'),(46,17,34,'2024-01-11','aspernatur','exercitationem optio aliquam voluptatem sint laborum','3b732f71-8367-3abf-a6fa-130612366928'),(47,55,47,'2022-08-23','est','ut omnis cupiditate aut enim aperiam','ada78745-e6b5-3f84-8e5e-03d580b8f3b8'),(48,26,29,'2022-12-02','corrupti','earum est aspernatur eum voluptas sit','df793236-466f-359e-ab73-7141f35c028a'),(49,118,33,'2024-11-26','error','nihil sunt dolore atque laboriosam esse','26f2ca3f-1e78-384a-b9fe-ad000ea34754'),(50,22,39,'2020-05-02','laborum','voluptatem exercitationem alias est voluptas odit','8d4b3aad-92a2-30c2-ae54-76d84a78f55b'),(51,58,34,'2024-05-07','accusamus','quia rem fuga quo earum veritatis','a51fb946-d90b-3302-864d-b13a4088dc09'),(52,85,44,'2021-06-16','illo','minus non quaerat consequuntur omnis aut','4959801b-122e-32bb-bc3b-ea9bef2185b0'),(53,80,37,'2020-09-30','aut','iste quisquam reiciendis voluptas omnis animi','8c7f0c66-aec9-3d88-bb09-033e3a320d70'),(54,198,20,'2024-11-19','doloribus','quia et blanditiis nesciunt totam soluta','cc93e8d7-c9bf-350f-92f1-1825d1bf383f'),(55,27,11,'2024-11-14','praesentium','officiis minima nam aspernatur nostrum fugiat','bddce659-d27b-33db-9d5d-25516e79d42d'),(56,56,48,'2023-09-19','molestiae','minima illo quia culpa tempora repellendus','c64d64d4-05d7-3771-92d2-5d19e4a259a8'),(57,140,6,'2022-12-17','hic','ratione ullam ab nulla officiis odio','fd99f1ee-d7f2-3175-95bd-3b7417fb0526'),(58,164,47,'2022-07-17','molestias','explicabo voluptas doloremque consequatur est iste','8382b7a4-4179-3c42-96f0-9d2979ba6c7c'),(59,165,15,'2024-04-05','cumque','est quae excepturi minus velit numquam','715b25a2-82ef-3c57-b640-5de3e5df6fa1'),(60,137,11,'2021-01-05','ut','temporibus voluptatem ea asperiores nam consectetur','8df267d9-f71a-33a7-a404-e47c1f8e07e5'),(61,70,46,'2022-04-03','et','tempore velit quo non et eum','c2188c67-ca2b-3fb1-a7d1-86c371e1c141'),(62,68,33,'2024-09-18','maiores','ratione perferendis vero maiores quia nam','6ea6812d-c132-3f08-a7c0-adf16114b075'),(63,58,9,'2020-11-30','vel','ea qui ducimus dicta cum non','49ed74f2-c061-39b2-97c0-032d4c19a0f5'),(64,19,32,'2020-08-02','voluptatem','ea magnam sed quasi placeat odio','f08774ee-c17c-3b1d-a0c9-bc3458819a1d'),(65,187,30,'2021-06-07','nobis','quis optio esse eius perferendis odit','13589d3e-3cb5-368b-9261-8f58908e44b8'),(66,106,18,'2023-09-01','quis','enim dolore aut officiis illum praesentium','da0ebfa1-e579-3536-958a-4db2ccb40696'),(67,179,40,'2020-04-28','voluptate','sed cumque officiis quibusdam aliquam nulla','3837d5a7-cfcb-3e3b-ae09-b10bf4b9dcb4'),(68,135,8,'2021-02-05','adipisci','minima debitis ut qui ut harum','9e562480-052a-3eaa-8951-a87a9b862dd4'),(69,125,39,'2021-07-05','aut','perferendis et blanditiis fugit eos in','65c42a45-b590-3b5b-90a0-6ddae7d1da16'),(70,59,33,'2022-06-24','ut','blanditiis aspernatur explicabo occaecati et est','49749e85-b5c5-31a2-a0e0-4283625e3847'),(71,25,37,'2024-11-18','accusamus','ea dolorem sit est vel perspiciatis','ede8f2a1-d647-3422-8afd-bba75995efff'),(72,176,10,'2021-05-07','ad','sapiente iure rerum eum maiores commodi','38c3781d-4279-3181-a856-a6321f0e88d9'),(73,160,10,'2020-05-10','qui','reiciendis et porro saepe explicabo omnis','6116fc94-7c8c-36d5-88b4-d6dfcdb9803d'),(74,37,10,'2023-02-04','aliquid','eligendi aut voluptatum non laboriosam quia','4f9666ff-7e0d-3571-9c0e-c74cde2c5caf'),(75,147,2,'2021-11-06','mollitia','labore eum sapiente nostrum hic quas','4d354ead-1c3d-336b-b677-0c082873494e'),(76,19,8,'2022-01-11','explicabo','nihil natus assumenda quas aut tenetur','db6b714c-cb17-34a9-97d5-200369685f3a'),(77,110,5,'2022-04-17','quam','reiciendis eos qui ullam quia error','9c8bc229-8375-3984-9e84-e9a4dbd6d79b'),(78,24,5,'2023-09-04','sequi','dignissimos et minus minima eum aut','91d21d6c-0727-35cd-8839-3d33a05a67a3'),(79,144,19,'2020-12-23','perspiciatis','facere et et omnis sint labore','f2f75f23-f730-3489-a3ac-1cdd9cc526fa'),(80,101,38,'2021-12-10','qui','quae enim esse porro sed corporis','12e02d9a-cea3-3e3d-9c08-e436f57b3244'),(81,87,30,'2022-11-19','eum','sapiente labore consequuntur libero laboriosam harum','7ef1ac71-a3f3-3c61-93b4-b6b7b774f86a'),(82,156,15,'2024-09-10','error','voluptatem consequatur quos quia dolores magnam','c22127f0-3482-3ae4-8d96-2aca31eb61a1'),(83,62,28,'2020-03-21','facere','molestiae nisi nihil amet sunt reiciendis','bd4c19ca-8247-3db4-a15b-204dd3dc5e4c'),(84,19,22,'2024-12-04','et','soluta quidem nisi voluptas modi et','68fc9a2b-dff1-3b62-ab83-e7b681566cd3'),(85,130,3,'2023-06-14','non','deleniti earum vel saepe placeat perferendis','8a0c1bec-bd59-33f9-9162-8bb8b1ea23c9'),(86,11,40,'2024-01-16','optio','et ex voluptatem sit illum nobis','ebe27d8c-b364-34e1-bff6-eba240d5110e'),(87,142,39,'2020-04-30','ratione','itaque omnis in aut eligendi quos','4cc635a8-c281-33e3-ba4d-72560ab55ec8'),(88,42,27,'2024-01-27','expedita','id et quod laborum omnis maxime','c5712a31-35d6-35aa-9d4c-9e803890363f'),(89,45,26,'2021-11-16','ut','dolorum dolorum sunt impedit delectus quia','91864e82-a82a-3cc1-a3f4-eeb828ffbed3'),(90,1,42,'2021-03-25','delectus','minima hic illum hic est quo','1149d19f-acce-34ce-a1b1-d9fa2e59347f'),(91,84,49,'2021-12-14','fugiat','atque est aut soluta reiciendis rerum','e25c6d60-24ad-3ff0-99c7-633ec19e02ea'),(92,22,33,'2020-09-30','eius','perspiciatis voluptas voluptates labore natus ea','3a905bb5-1604-39ef-ac2b-20e9cc529ba4'),(93,121,6,'2024-02-26','quia','omnis rerum non ipsam totam omnis','63e1d64d-04b5-3fe9-ad57-8a3fc8156268'),(94,22,30,'2020-08-18','maxime','quia aliquid repellendus dolore at quibusdam','8d777ac7-7244-3c9f-87e0-d8592321bf3c'),(95,183,20,'2020-11-15','et','accusamus dolorum vel aut fuga autem','a1c88806-e1cc-3b8e-bb98-fc53a0aad3d1'),(96,91,48,'2022-03-22','ut','quis itaque exercitationem et mollitia earum','98fa3681-43aa-3870-8df4-f333cd66f9b2'),(97,160,49,'2020-07-01','dolorem','animi vero sed vel ea voluptatibus','1837e73c-e6a8-3557-b4a2-2c42215d389c'),(98,111,19,'2023-11-01','et','molestiae aut ipsum qui eaque aperiam','bca6c201-e2a1-3400-aa4b-380fa5080709'),(99,155,5,'2020-06-03','dolor','corrupti commodi officiis et deleniti magni','7b1afac1-24bd-3513-b63a-4fbe22f61f85'),(100,81,5,'2022-03-21','molestiae','necessitatibus ea reprehenderit aliquid et quis','cf3851a8-9428-3d23-a73f-ffbdb1ccf05b'),(101,61,18,'2024-01-04','nisi','eaque soluta consequatur reiciendis ad quia','a5544874-372d-35f9-a4b8-57d3c4abd4a3'),(102,29,29,'2022-10-10','magnam','et et vitae maiores cupiditate in','dfc1868f-2ab8-362b-8519-40d64b9d8ffc'),(103,188,19,'2022-03-17','sit','iste aut ducimus laborum impedit dolor','83b5faea-16d9-3366-a608-8f69a2c6b869'),(104,132,5,'2025-01-05','consequuntur','molestiae voluptatibus aliquam deleniti est illo','4f7f4513-61d8-3856-aa1e-852b7fe797ca'),(105,20,50,'2021-01-14','nam','et qui dolorem odit hic dicta','d972cd0e-eb1a-313c-bfcd-ad5cbfbb48ce'),(106,65,30,'2023-05-21','ex','distinctio consectetur asperiores aliquid velit aliquam','9ea4afc0-c63b-35b7-9e0d-7b91258476bc'),(107,79,3,'2022-06-15','et','ut laudantium itaque esse laboriosam incidunt','c163cc13-0d73-3e41-a2e8-7ce91c63c344'),(108,97,8,'2020-11-07','soluta','voluptatem voluptatem atque odit excepturi voluptatem','d3efa054-0e95-3a5e-8dc7-d17b11dbee51'),(109,140,47,'2021-12-12','qui','soluta animi sed rem molestiae cupiditate','1f05a956-6fd7-3f7b-9c47-0652027c7d8b'),(110,103,32,'2022-09-14','quis','voluptatem perferendis voluptatum et ad esse','840d31bf-7e6e-3760-a3e5-99c92b12042b'),(111,21,34,'2022-11-28','iusto','iure illum voluptatem dolorum dolor voluptas','1379d6f4-8b88-3432-8d8e-6bdb39a24bf1'),(112,40,36,'2021-03-29','nobis','repellat est molestias at unde consequuntur','9ff823b2-44d8-3882-8da6-dcf1b68e34b6'),(113,18,37,'2023-05-21','quia','quia vitae qui nihil aperiam aut','3fbb338a-affe-34a7-9373-25a362d7c8ec'),(114,197,21,'2022-06-25','est','molestiae voluptas dolore quaerat dolore consequuntur','88dc9408-6218-3bbf-93c9-9bed4d19594f'),(115,200,25,'2024-06-08','numquam','delectus aperiam omnis itaque temporibus qui','c44d6c51-12d3-39c4-853c-8202a3a733ec'),(116,152,41,'2023-07-02','molestias','aperiam dolorem aut sapiente quo totam','3f1277b3-bff7-3fa2-861f-58f7f63f3496'),(117,165,15,'2024-08-11','sed','dicta saepe id labore placeat et','f39908da-275c-3f56-b9a2-c31d1de06697'),(118,78,23,'2022-11-26','quas','illo tempora qui odio quae aspernatur','b3561511-cd65-3856-8953-f9fdd871e245'),(119,88,12,'2020-06-23','aliquid','repudiandae omnis veritatis cupiditate cumque iusto','e91e49d8-0f06-30eb-a672-1e62dc1ce257'),(120,80,9,'2020-06-10','minus','eos reiciendis autem harum nemo numquam','00cf6334-ea4d-3ff5-aa29-0839633a5f71'),(121,108,38,'2021-08-18','perspiciatis','aut ullam omnis quia et labore','85734469-fb76-3edd-986c-660056ac77df'),(122,188,10,'2021-11-04','rerum','enim illo voluptate cum totam voluptatum','05e450c4-4504-352c-bb11-797cc6abacab'),(123,12,47,'2024-07-05','similique','sint itaque aliquid alias autem aliquam','e11b1894-1c2e-31e1-839a-cf887e7b90b6'),(124,39,17,'2021-05-17','assumenda','aliquid voluptatibus corrupti explicabo dolorum aspernatur','64fee5b0-3f9b-3a26-8ffc-e03b3d71997a'),(125,78,24,'2020-11-07','ea','molestiae sit neque dolorem quas non','e263a838-069b-36aa-9c61-aa27010de5f3'),(126,164,22,'2022-10-08','magnam','eligendi dolorem et eveniet quia amet','b874fbfd-2849-3f39-a778-19ea27370349'),(127,86,3,'2020-11-24','adipisci','consequatur ullam accusantium aspernatur numquam sed','7edaec4c-4e53-3fe7-b02c-c252a765afff'),(128,46,10,'2022-10-08','ipsum','reprehenderit aut quis cumque quisquam sequi','b3877675-426a-36bd-a4dd-7246913d7644'),(129,117,26,'2020-08-12','quia','et maxime sit facere optio non','e081b769-fb37-3c5c-ab33-92838d8ddb1c'),(130,123,30,'2020-11-10','dolores','similique in dolor reiciendis eos aut','5cc8479d-06b6-32aa-bc91-e44b632da638'),(131,40,44,'2024-09-28','odit','nisi sed qui id blanditiis qui','75ab8d15-6aaa-332e-979a-b2e19d226cd5'),(132,148,2,'2021-10-22','dolor','quaerat reprehenderit quo ducimus et et','6fbc537a-d851-3e47-a9b9-2915d7c768ff'),(133,39,2,'2024-03-03','soluta','nulla id est repudiandae quia qui','e8f65f45-b59c-3a69-b2c9-7099bd0de055'),(134,18,6,'2021-01-15','sunt','cupiditate officia dolorum sed culpa molestiae','4baf9653-9ce5-32a4-b204-03d7adc65c8e'),(135,200,36,'2022-01-19','harum','ut officiis dolorum exercitationem ut quam','f93eb50f-808f-3491-8bc3-ddff5dc55283'),(136,129,37,'2020-05-20','porro','qui nesciunt aut est ea ad','a5ee3bdb-d8d5-3db9-ac36-b9d80ef5572a'),(137,31,36,'2020-11-02','culpa','quos corrupti sequi dicta perspiciatis laudantium','0ceec96b-f21a-33c4-80f5-0d802b9f8c5b'),(138,23,9,'2023-03-06','laudantium','voluptas mollitia consequatur fugit ut qui','378db8ae-5a99-37d6-b0ae-84875675d85c'),(139,133,15,'2021-12-17','magni','dolorum est accusamus tempore quam et','493b5d7d-8153-3f2d-858d-0107a63da229'),(140,136,30,'2022-07-11','nulla','modi laudantium qui est assumenda dolores','fc342167-3adf-31b5-8e78-ed8678a558bd'),(141,95,4,'2024-11-09','quis','et odio perspiciatis est ipsum atque','8a0db4c6-c114-3361-8c71-686a866bc054'),(142,85,13,'2024-07-03','pariatur','labore eius autem doloribus est fuga','839979f3-1f6e-3c1e-a8e1-3886fb0304f8'),(143,139,50,'2022-01-03','quaerat','sit quo quae praesentium qui sapiente','797d3a1c-858a-3597-a486-ed748977de35'),(144,67,32,'2021-08-31','voluptatem','amet aut qui voluptas ipsam voluptatem','c8fbbafe-9fa4-39fd-ad7d-83d73c25924b'),(145,128,24,'2022-07-27','doloremque','reprehenderit quasi voluptas et omnis et','f07ec59d-d626-3891-8f56-79f187be4f0b'),(146,198,24,'2023-04-16','cum','dicta fugit voluptatum eveniet voluptatibus tempore','4434a1dc-36be-3f88-ad20-fa7eaae10f30'),(147,32,23,'2024-04-20','harum','laudantium vel mollitia facilis commodi qui','288b4b5c-7bb5-38e0-b297-64d16bf7fc49'),(148,37,23,'2021-02-16','et','laboriosam esse deserunt eius deserunt sint','3b467fd2-f730-3ec8-b36e-53f8ac21ccbe'),(149,172,50,'2021-05-24','alias','et voluptatum facere consequuntur blanditiis qui','59aa375c-f808-3d82-8725-0e0d16af58c7'),(150,74,15,'2020-12-21','consequuntur','quo sunt ut amet ullam porro','a77d7f20-b60f-376d-bb7e-62faabebdc4c'),(151,92,1,'2024-12-14','placeat','rerum molestiae saepe iste fugiat ut','50cd69fb-49be-3cff-9c6d-6f1fd23bfee2'),(152,32,19,'2020-09-06','voluptatem','voluptatem ratione accusantium deserunt aut qui','23673a07-16c8-3808-bf79-44d73cf4a0da'),(153,196,22,'2021-07-08','rerum','aperiam dolor nisi eaque quod qui','59e7b698-258d-3115-95d6-f262ae5be990'),(154,191,45,'2022-01-13','vero','quasi minima rem quasi iste non','df041e65-c6b9-30c1-9680-2b0910168843'),(155,99,5,'2020-07-22','tempora','id et itaque illo adipisci et','f6856bab-1600-366f-a1da-da51a6a91c1c'),(156,122,10,'2022-06-24','molestiae','recusandae aliquid labore rerum sed dolorem','336ca1fc-59e9-3d6b-8d6d-76ee7b2550fe'),(157,41,47,'2022-01-15','vero','fuga quis illum recusandae commodi voluptatem','cfacd855-b2a0-3535-a615-159fdf895af9'),(158,153,25,'2023-11-29','maiores','id nihil reiciendis natus totam voluptatem','1c567319-344f-3d52-898f-77c3514dbdf2'),(159,162,9,'2021-07-20','quas','dolorem non maiores alias placeat rerum','2deae9aa-0b62-3cf9-9710-07ca183e26ba'),(160,8,34,'2023-06-23','impedit','consequuntur error ut impedit eos error','1199990d-c6be-33fd-b3c4-5e9cba29567c'),(161,86,37,'2021-07-02','tempore','et animi reprehenderit ea ut sint','8c21ed99-9ecb-35d7-80ca-bd3a95cff0d9'),(162,14,31,'2023-04-25','totam','esse culpa corrupti similique eum cumque','7fb39353-32d3-3a47-ae25-5f668a5494fd'),(163,105,29,'2022-08-30','sed','nisi reiciendis quos repudiandae ad omnis','c70ed599-0e4a-31b1-bfb6-33829fcaac9b'),(164,62,3,'2023-08-13','provident','nihil libero quae sequi qui autem','b3b84875-6f22-3ec1-97aa-0a03415934c4'),(165,143,12,'2024-08-31','ullam','ex necessitatibus recusandae est placeat beatae','f68db47c-4a77-35e4-991d-29ed1333893b'),(166,116,1,'2024-06-09','rerum','ducimus dolores fugit voluptatem architecto minus','e1e3a3b4-f847-332e-8a02-8794c83bfe99'),(167,154,43,'2022-05-09','quis','qui soluta exercitationem ex quis est','3dc20170-e91d-3408-8be7-3ba80453bdf4'),(168,91,13,'2022-05-08','et','aut placeat nobis cum omnis omnis','7ca804bb-49b1-3991-ae7c-97800de05ef2'),(169,61,39,'2021-06-01','quidem','nemo iusto autem sequi quia quis','91eb2db4-d085-3c67-8ed6-36f3eada1090'),(170,150,42,'2024-04-09','tempore','atque rem debitis sequi magni illum','e7f97de1-2f9d-376f-a568-37c23e12f1be'),(171,119,11,'2021-05-27','inventore','nam excepturi eaque a ipsa omnis','d4de46b5-77ff-3c86-8fdc-d31833ebf20b'),(172,18,43,'2021-12-22','consequatur','maiores ut veritatis itaque id sunt','2bf5c7f9-626e-34a0-80bf-40d173fe3bfb'),(173,45,48,'2020-08-18','quibusdam','repellendus ut est doloribus qui voluptas','6bfdb54f-2ca4-3b7d-bba7-557598779144'),(174,7,14,'2024-03-29','eum','delectus quis unde explicabo libero qui','1b2ce336-4936-3e35-aa0f-e913bdf81162'),(175,37,43,'2021-03-15','cupiditate','repellat quia est quia velit itaque','192f2ce9-8148-3c00-8850-36227e06023e'),(176,161,31,'2023-04-25','in','ut repudiandae quae eos corrupti veniam','8cdda706-1650-331f-8270-3b99259c2a00'),(177,127,41,'2023-03-10','harum','sint quis provident dignissimos deleniti vel','1172fbe4-05b3-32de-b24a-c081b663e203'),(178,81,24,'2020-11-04','omnis','necessitatibus necessitatibus voluptatum voluptas qui voluptas','9aa68392-c5db-3d1e-9137-1326d429e52b'),(179,154,47,'2021-05-19','ipsa','odit rem illum aut eligendi consectetur','9ecaee5b-1b0e-3967-9ca2-69f4f6ed2d1d'),(180,135,35,'2023-06-10','minus','dolorem beatae sint tempore dolor maiores','3931cb4f-c922-3b25-bdac-ab8e428dd086'),(181,126,36,'2022-02-02','cumque','quos totam dignissimos et quis odit','ce2d32f6-92b9-302d-899f-d008230e2ed5'),(182,161,42,'2023-12-17','nostrum','est suscipit est quo porro id','c2237666-a3bd-3776-85ab-97879651fe81'),(183,92,15,'2025-01-16','animi','non eos culpa ad quis adipisci','bca44ddc-dc9c-3c9a-ae7d-04ec8f54e7a7'),(184,174,10,'2023-12-15','fuga','temporibus cupiditate reiciendis cum non velit','7adde493-a10d-333b-a2a7-2822fd843898'),(185,56,48,'2024-05-20','ullam','est optio rem reiciendis quia et','ba614f4e-2165-31f6-a173-4f42d97e126f'),(186,110,32,'2021-12-08','placeat','repellendus autem adipisci ipsam est consequatur','31fc21a1-591e-30b8-8bb9-2fb9ec5efc37'),(187,115,32,'2022-11-14','voluptatum','at optio eos dolor unde repudiandae','5eb954f7-748c-38bc-9933-557bc7c68b2e'),(188,47,13,'2023-01-21','possimus','perferendis et cupiditate mollitia facilis aut','5b0be431-9845-3382-b29a-72f91889f638'),(189,106,17,'2020-05-15','sed','a eum reprehenderit labore sunt magni','e4e2d95b-1247-3a96-86a4-968bc39ec7f1'),(190,144,2,'2020-09-13','omnis','quis corporis et voluptatibus quia dolores','6a900d41-7c02-321c-b0c3-45c859a8dc45'),(191,63,34,'2021-12-23','et','possimus expedita ab quo cumque nesciunt','09d508b7-7cb3-398f-bcd9-cb2a9c686c17'),(192,34,23,'2021-09-04','fugiat','voluptas temporibus esse nihil possimus maiores','8b47f268-232e-3ba6-8f9f-d2dd9e030595'),(193,45,3,'2022-01-03','dolores','beatae et et assumenda quod nemo','b0f72f6f-34b6-37dd-bcde-64dc9eaacb18'),(194,97,42,'2023-09-06','eum','occaecati ab cupiditate facilis nostrum earum','99429f0f-386b-36ba-a7b4-8780eeb16ad4'),(195,121,25,'2022-12-10','saepe','quod rerum deserunt placeat eligendi saepe','8e07367f-4230-3a90-a217-c08a1b5f00fe'),(196,15,36,'2024-10-01','nemo','sunt distinctio ut minima quos omnis','2366a05f-e37d-3158-9629-ff5075e75c60'),(197,12,9,'2024-12-16','ipsam','vitae quo explicabo error eum et','6e8af08c-bf84-3381-90c4-1d12645e05bc'),(198,44,6,'2020-10-08','odit','ea at in et quia impedit','7d4220a3-8a53-319d-8bc8-25c171e13456'),(199,98,10,'2022-05-22','nesciunt','et eligendi mollitia asperiores facilis quia','39af3e4f-b555-36ee-8790-952e8cd43d4e'),(200,69,7,'2021-03-29','harum','saepe non error quis voluptatum ipsam','89c1c828-b849-36a3-b331-fce929dfc039'),(201,121,47,'2022-07-09','facere','atque illum vitae magni ad eos','e0ae4561-945c-3ba5-ac26-ab9c135a878d'),(202,41,1,'2020-03-24','quibusdam','sunt sit veritatis nostrum nisi quo','4c8666f3-e43a-3e39-9e48-08a3eb722a5e'),(203,137,22,'2022-12-03','occaecati','dolorem unde aut iste ut aut','1245558d-2cdb-3ed0-9ad3-a8d22099fbe5'),(204,171,17,'2021-08-01','qui','eos et et natus sit quibusdam','4abf9602-a754-3eaa-bf84-7fdcce9f5874'),(205,41,20,'2023-06-24','rerum','cupiditate libero ut molestias animi dolor','4751fff3-9c2e-3945-bfcc-bb5fc2a550a7'),(206,177,46,'2024-10-09','qui','sed et voluptatem et dolores aperiam','08930204-0f66-37c5-9de8-9a4a07ce2b00'),(207,12,20,'2022-03-11','voluptatum','velit atque repellendus nihil voluptatem eum','f739e176-82c9-3eda-b8e6-f21e02248ac0'),(208,91,28,'2023-04-20','maxime','hic molestiae voluptas facere esse quia','ea356605-7a95-3cda-b533-3e8592a2808c'),(209,149,8,'2021-11-15','vel','optio consequuntur dolores consequatur qui qui','0e132119-d8d1-3414-9c79-21f8a5e761ab'),(210,169,49,'2025-02-02','veniam','repellat pariatur accusantium consequatur natus voluptatem','28da783d-9a12-3594-b0be-5ad465d89ed4'),(211,129,1,'2023-11-17','optio','dolores modi necessitatibus repellendus labore autem','e94c4af4-3073-39c9-94c0-03787c97d2fc'),(212,144,35,'2020-04-17','consequatur','veniam ut perferendis quam quaerat et','496cf67d-496f-3f33-8412-065e5f408a4b'),(213,79,4,'2020-06-20','ea','totam voluptatem quas maxime quos necessitatibus','f1a55424-3a81-3966-906e-c6767ef5124d'),(214,78,17,'2024-09-06','blanditiis','quidem voluptatem ea et dolor et','e248fab5-48dd-31fd-aa17-a79c96444181'),(215,60,1,'2024-10-27','veritatis','expedita repudiandae dolor quia velit quo','bf36327e-0c5f-3274-bebb-01bd7b28e920'),(216,173,29,'2023-05-05','velit','occaecati et molestias odio dolore rerum','1405a5fd-37f0-3381-9414-2733f2662c82'),(217,88,24,'2023-10-13','error','esse libero qui est dolore sed','10a32840-2e13-385d-80a2-23a09a5ede58'),(218,33,32,'2022-08-17','dolorem','ex soluta fuga consequatur ea ut','af2e7927-5193-31ff-bcc1-5c843c83c566'),(219,117,25,'2021-06-08','laudantium','sed eum excepturi voluptatibus eaque minus','98516d0c-f1f1-32cd-825b-d5b5bd9d8bb0'),(220,154,33,'2021-02-12','tenetur','dolorem aut laborum voluptas adipisci minima','389c4148-03a0-32a6-a311-561bae3c6f52'),(221,197,25,'2022-08-15','debitis','vitae blanditiis nemo nesciunt inventore debitis','635ac581-ef1b-34a9-99e7-3be66a43b6f6'),(222,20,8,'2020-10-06','suscipit','officia sed dolores nihil itaque ut','20db961d-b650-3e30-b52d-21a33e0fba63'),(223,110,39,'2021-01-19','autem','qui et nostrum minima veritatis sed','3880376c-fa79-3673-9d9f-33c62175a3a8'),(224,115,30,'2022-11-05','dolor','quo quidem doloribus enim non eum','b993a38c-d529-3ee6-8f0e-93c5e3165c26'),(225,71,41,'2022-06-04','voluptas','animi a quia deleniti quia voluptatem','da00dd43-0652-362b-88c7-4094ca7df443'),(226,124,22,'2020-07-03','illum','omnis voluptatem quia at voluptatem ratione','56dc7421-5493-3f16-8221-2004b9cba2a3'),(227,155,48,'2022-04-27','tempora','accusantium sit nemo enim voluptate fugit','cd1141e8-a5da-3810-a7a1-4d29bdeaea09'),(228,188,35,'2023-02-06','corporis','explicabo iste aut omnis accusamus eligendi','0177ec31-c206-37c2-b66b-d72dde97450f'),(229,106,25,'2021-03-28','earum','dolorum doloribus minima vero et officia','6d1e8bfe-f5e4-3add-ac67-a9e45584590f'),(230,88,48,'2022-05-22','at','veritatis doloremque itaque pariatur vero incidunt','5ea6533d-7b0d-3023-9ad6-b7824c6baec3'),(231,37,8,'2024-10-30','sed','maxime sed minima alias beatae a','36ec6232-917e-3bc0-9a30-8b069ddda9e1'),(232,95,41,'2024-01-28','aliquid','occaecati ea ut deleniti accusamus officia','31300551-7d5f-3d48-9e29-12525e5dee31'),(233,90,41,'2023-09-30','libero','hic quia vero assumenda incidunt maiores','a5c81672-ffbc-374b-afe6-88a3fde52f58'),(234,48,21,'2021-12-09','officiis','fugit voluptatem non necessitatibus eligendi nostrum','9f214a86-024f-3c9d-8a47-6d015be85b2e'),(235,97,22,'2021-04-19','qui','consequatur vero quidem architecto id maiores','f1280aa0-38a4-3f71-b19a-dc7ffcf2282b'),(236,154,30,'2024-12-05','nostrum','consequatur ad asperiores expedita illum nulla','8acddcea-ac05-3faa-a1e5-168cdb528274'),(237,44,43,'2023-04-19','ut','nihil aut omnis fugit voluptatum incidunt','c6dc3101-5929-3e5a-bf8f-52f189047073'),(238,27,24,'2022-03-09','aliquam','repellendus veritatis nesciunt facere consequatur repudiandae','0463e897-cc1c-3c2f-a819-be5eb646a2cc'),(239,17,18,'2020-12-05','distinctio','distinctio temporibus deserunt quia voluptatem cum','324b6d15-7caa-3a54-a901-e8c21be4a038'),(240,122,49,'2022-07-24','omnis','aperiam a beatae veniam et perferendis','5f46c044-2383-31d3-9f63-e03fb60c82f7'),(241,62,2,'2021-09-14','accusantium','facilis suscipit optio voluptatem veritatis praesentium','82bea34b-c25a-3079-a952-5dfbb439bf5f'),(242,95,4,'2021-11-12','quisquam','libero sed nihil doloribus aut praesentium','877ff022-f96d-3ba3-ae5c-c4704264f980'),(243,44,30,'2023-05-17','aliquam','suscipit libero facere rerum quam non','a215e7fb-7bbe-39c3-9d6d-12f7969d28cb'),(244,176,10,'2022-05-19','amet','voluptas maiores rerum et corrupti quia','f4264ca4-2a44-3b5e-aabd-22cb6952591b'),(245,50,16,'2023-09-23','sunt','et molestiae dolores totam suscipit illo','b2cb01eb-5ead-3c89-9422-02de41bff5e4'),(246,197,36,'2023-03-13','error','quis neque dolores officia dolor est','6b473cc7-6ccf-36ad-8c25-6c18b36901c5'),(247,1,24,'2024-07-06','neque','corporis vel non sed tempore eos','c2086cdb-1916-3559-a169-1bea90cb5ae9'),(248,156,11,'2023-12-24','aut','est vel dignissimos alias impedit minus','cd49d9ee-957d-3e8b-a408-7e22afeaeac6'),(249,50,32,'2023-11-05','esse','non voluptatum voluptatibus eaque vel perferendis','aa6aa8a9-ced4-3684-9937-22df95818f1d'),(250,88,11,'2021-02-19','maxime','repellendus voluptas saepe ipsam omnis laudantium','9371c751-6b08-3c8f-8517-0aa6b0480e3e'),(251,29,48,'2021-09-25','voluptatem','ad assumenda quia omnis ut adipisci','ad6382e7-c0f3-36f1-95c7-cfea81cf49da'),(252,82,22,'2020-07-16','molestiae','et nobis culpa et consequuntur ullam','a159acd1-1764-39bc-85d1-dc35498076ed'),(253,161,20,'2024-02-25','eveniet','placeat aspernatur ipsa aut inventore accusantium','5de70696-fdbb-3bb9-8356-f4ab127e5136'),(254,104,13,'2023-05-05','quia','libero quisquam accusantium asperiores sunt laboriosam','82f41ce5-e0a7-3c26-9332-68a67f38ab51'),(255,94,47,'2021-03-26','debitis','omnis sit quis quos iure possimus','283b0c4b-c4a0-3a49-af7a-4096d6d2a423'),(256,128,35,'2023-03-18','ut','commodi eligendi hic magni corrupti sed','7bce2fc1-4fda-310f-a3a5-550bfa2474a9'),(257,146,35,'2020-03-10','rerum','velit voluptatem natus error in soluta','5b0239e9-8559-3a1a-85b1-dc505de9458f'),(258,26,12,'2021-03-03','inventore','qui voluptatem praesentium non quis ab','5a37cb0c-cc27-3715-b45f-ddc83827e4e1'),(259,152,21,'2021-05-15','vel','dolores quae debitis impedit quia dolorum','2b5f12fd-de31-3d65-a985-7c5a9a7accfb'),(260,64,48,'2022-06-19','dolores','dicta dolor veritatis tempora laboriosam aperiam','ea707385-adf2-30ed-b0a1-3f4ff62fe29b'),(261,5,14,'2020-04-20','numquam','ut fugiat sapiente explicabo est quis','01fc2f33-5dd3-3f84-bf27-7da01353a0c6'),(262,27,1,'2020-12-01','qui','et velit praesentium doloribus id ipsum','6f394375-02a8-32a1-af16-62a40f4e1c41'),(263,146,11,'2023-02-11','nihil','aliquam labore eveniet ut sequi est','86a167f6-0b4a-3da3-a2ea-65963e4db215'),(264,116,14,'2022-03-01','quam','voluptatibus qui at consequatur asperiores dignissimos','6ac0790d-40b6-3462-ae9a-850be4c82e3d'),(265,121,21,'2021-07-10','quam','optio dolores aut tenetur voluptas quo','4861675c-7003-331b-b8e8-4a0d790534a0'),(266,111,17,'2021-08-30','quaerat','illo et vel eos cumque sunt','4ef38256-cf9c-3c3c-bc9a-349d2a9349c2'),(267,17,42,'2020-05-30','sed','deleniti delectus sunt voluptas et placeat','b928baaf-5425-3d10-a8b9-47b23dadb220'),(268,147,21,'2023-03-15','nobis','aut ipsa aut unde natus illo','06c48531-0af9-3d0e-80ee-d6247e538592'),(269,182,21,'2021-01-26','magni','ut est sunt quod aut accusamus','27397842-a5dd-304f-83ee-6a2cfe8343da'),(270,179,47,'2021-07-06','eum','nam nesciunt molestiae velit nihil accusantium','84343c44-271f-3378-839c-b9e29de8d723'),(271,136,29,'2025-02-17','fugiat','minus doloremque non ut veritatis id','af8fe8b0-aba0-37a5-ba7a-db384ef02c08'),(272,100,8,'2024-01-21','officia','asperiores perspiciatis maiores ratione commodi ea','db369c4c-a5af-3429-b61c-3fcff99a06f4'),(273,146,24,'2021-08-01','laborum','quia eos recusandae ullam debitis perspiciatis','da578ff8-d857-3e48-8b79-6726cede5e7a'),(274,194,37,'2021-07-16','rerum','voluptas odio quod modi praesentium autem','295fc025-54d5-35fd-ab99-4737bbfccf4b'),(275,194,14,'2020-03-28','doloremque','omnis et sed aut maxime nihil','4bdef63d-4fe5-3edc-b82d-2b066df2a386'),(276,50,8,'2023-12-12','voluptatibus','consequatur quasi quas rem est iusto','e67f8960-29d2-3e30-99b9-6cf882563bd4'),(277,194,41,'2024-10-01','aut','et quibusdam consequatur consequatur id placeat','239191da-fc29-3e5f-a2f9-4321d23cf619'),(278,84,43,'2024-02-01','ea','consectetur deleniti debitis explicabo voluptatem assumenda','620c6b9e-38d5-30c9-89d8-30dfbd95754c'),(279,166,33,'2020-05-24','iusto','quia molestias quibusdam magni accusamus est','9a6a84c0-9c61-38da-9f70-7378fd7cd3c4'),(280,184,36,'2022-02-08','qui','aut accusantium debitis eum sunt repudiandae','616142be-f297-3c4e-913e-42edb15ba7c3'),(281,83,3,'2022-03-15','at','quia eius molestiae aut accusantium et','e0155d8c-7c56-31f9-bd67-7d12af7b505d'),(282,77,48,'2024-06-10','maxime','nesciunt velit nobis ut esse est','fca40da1-52a4-320f-a6b4-f70a11bc0a22'),(283,127,42,'2023-03-25','veritatis','fugit recusandae autem doloremque impedit autem','25fcb1df-4ec5-32a1-945d-af8f0813bade'),(284,84,22,'2021-07-12','repudiandae','est ipsum architecto nam vero ut','b210ef92-f956-30cd-8522-f70b8c0baaaa'),(285,172,13,'2023-11-24','sequi','quidem quidem quibusdam sapiente delectus possimus','53d20635-add4-3b4b-a1b0-5017b55a82a2'),(286,173,18,'2022-08-18','quia','ea vitae voluptatum quo perspiciatis fuga','955e3df3-d27b-3549-98ba-526113b8de36'),(287,174,30,'2020-11-13','ut','reiciendis voluptate possimus corrupti dolorum earum','748e4913-e340-37aa-83f3-18bce99a693e'),(288,200,44,'2024-02-28','neque','excepturi facere nostrum qui aut vel','d80b95f4-c3cd-3dbf-9aee-7a1c57de04ae'),(289,168,27,'2021-04-12','assumenda','et nisi et porro ipsum maiores','574d963e-2df0-3bf2-adbc-e3476952a043'),(290,190,1,'2024-07-23','accusamus','eum sit aut doloribus consequatur suscipit','b65a660a-08c6-3821-8408-4642e61eb0b6'),(291,33,46,'2023-06-10','praesentium','eligendi et debitis placeat repellat corrupti','0dbc35be-ba60-3d14-975a-b96722b8b180'),(292,194,6,'2021-05-08','minus','iure vero eos rerum hic animi','17e79ffd-9a27-33fa-ad30-6dd9a6341459'),(293,41,20,'2022-05-28','qui','nam nulla architecto laborum fugit natus','1f0b9401-3c85-36b6-88a2-eff0f670f392'),(294,109,25,'2021-06-16','nobis','architecto unde rem dolore assumenda vitae','f0d34248-b854-354c-a0c6-d501687bd59a'),(295,79,32,'2021-10-26','officiis','omnis et accusamus officiis sunt necessitatibus','46a5c1bc-6c97-3aba-b3cb-f2ff352126a5'),(296,26,30,'2024-02-04','dolor','iste magnam quis cumque et eum','1ac75c3e-1a15-330d-bc5b-593923c64519'),(297,120,28,'2022-01-17','corrupti','vel est nam aut dignissimos aperiam','9c820851-3c06-3948-9069-2ba9efbeb2a1'),(298,125,36,'2023-04-10','voluptates','reprehenderit qui omnis et culpa qui','edf29736-053d-3f12-9ca4-31af56cac9f0'),(299,134,48,'2023-03-23','maxime','mollitia incidunt quia ex aliquam magnam','175ad904-8002-3422-a53e-d1ab72e24ab1'),(300,82,44,'2023-03-09','quidem','cum repellat animi quasi architecto quis','175cc106-2d48-377b-8f73-7f1027636a46'),(301,27,26,'2022-12-21','fuga','earum ipsum debitis rerum id rerum','933e9526-3282-39d4-92b8-e3da13b71219'),(302,101,5,'2023-12-04','asperiores','facilis aspernatur explicabo voluptas corporis odio','ef508066-29bc-3788-b065-2928e94bea67'),(303,182,5,'2020-03-30','dolor','placeat qui vel quidem totam temporibus','50c7b955-ffdc-355d-8bcb-6ca13a462fa5'),(304,142,50,'2021-07-16','dolore','quaerat ut quisquam alias asperiores esse','c6627e20-f3f0-3444-a6cf-940854f9ff43'),(305,189,30,'2023-04-05','quia','quia vero ut eaque voluptatibus ut','329c4763-1abd-38ad-81f3-7249d31886a4'),(306,131,1,'2022-12-23','expedita','laboriosam voluptatem cum et adipisci quia','fcf58fb9-4203-369b-a932-aeefaba7a336'),(307,128,26,'2024-03-30','praesentium','sed totam iusto accusamus provident et','cf793836-0214-3117-b32a-86c69aef08e8'),(308,142,38,'2020-05-27','dolore','ut libero magnam voluptas velit quae','806ff576-67fa-38f8-9ffe-e05261078126'),(309,125,1,'2020-03-15','error','consequatur facilis doloribus deleniti voluptatibus sint','4a079dc7-57cc-3b9d-9260-e068b6e5521e'),(310,193,16,'2021-09-11','velit','quasi voluptas porro libero aut ut','2a64a8a0-8f27-32a6-b1c6-07ee4b0740f6'),(311,94,44,'2021-12-19','odit','deserunt similique neque ex quo atque','7305effe-e796-3f42-a213-0bfd1f19bbbc'),(312,61,1,'2023-10-27','nostrum','ipsa veritatis numquam id nihil perspiciatis','215df1fe-a310-37bb-80d2-a7918eaa7315'),(313,50,3,'2025-02-03','laboriosam','non delectus et modi debitis id','9d96203d-6b25-3e7d-81ff-c074b17ffd34'),(314,190,37,'2024-07-12','qui','fugiat voluptates vel hic at nesciunt','f7c70aff-ddae-3c40-9cac-eca14e405238'),(315,55,50,'2020-12-04','molestiae','molestiae voluptatum saepe voluptatem aut nam','8bfe440e-82ff-307d-9d75-a9f8b1034414'),(316,44,2,'2021-11-06','officiis','saepe cum id voluptatem eum impedit','cf7ac25c-0e95-327d-809e-edad6b62f010'),(317,71,28,'2024-06-11','laborum','praesentium illum ab sequi consequatur est','2ed87c4e-7dd5-39fd-b8df-1c68c8742218'),(318,10,8,'2022-07-26','consequuntur','dolorum debitis sunt minima hic veniam','d95a222b-953a-3046-8957-e540951255f5'),(319,24,22,'2023-01-09','et','ut non fugiat sed quia est','192b6fe2-1b87-30dc-9fd2-0d11f9ef4606'),(320,181,45,'2023-08-16','delectus','veniam quia ut non ipsam ut','e9888786-12fd-3b8a-9bf9-72adb8fc9a5d'),(321,178,23,'2024-06-04','quam','delectus est est unde et eius','9042117d-1aa2-3261-8c1b-74f6408b94fb'),(322,95,5,'2022-11-20','assumenda','eveniet odit molestiae nam ut quis','eed54de7-d947-3206-94f5-a8ec9762773d'),(323,186,39,'2024-12-05','cum','quibusdam incidunt dolorem tempore sit non','64c6c858-b055-38ab-a4a8-ca1d253ef2b5'),(324,74,2,'2023-12-06','excepturi','qui voluptas doloremque eos dolorem aperiam','2eefdd1b-8e13-3606-beed-b39e7420ee1f'),(325,47,9,'2020-07-27','vel','est fuga nemo nobis laudantium ex','c41c6b76-c4e4-3730-8cab-ac9718cb5078'),(326,86,36,'2022-08-29','sed','aut sint quia minus architecto voluptatem','4f89aeea-6600-3254-b8ce-2f8069ecc074'),(327,23,25,'2020-06-13','laudantium','aut fugiat ut est rem aliquam','027ae03f-5b3f-3479-982d-912b88d823c6'),(328,64,30,'2021-04-05','voluptatem','asperiores cumque assumenda veritatis ut non','a57c6136-f077-35e9-8f5f-2eef54405585'),(329,103,23,'2023-09-14','temporibus','vel qui iusto aut rerum saepe','85f7d391-796f-3a16-9f0c-195a8a2a58b8'),(330,50,31,'2020-11-02','nisi','omnis non voluptate porro nobis est','4d9e0186-41ba-335c-8519-beef620cd9c5'),(331,34,19,'2021-02-04','quisquam','officia quo quia beatae quia non','b2e9b992-51cf-3405-83d5-0b28b7458554'),(332,194,37,'2020-08-24','et','eaque reprehenderit saepe itaque voluptatem aliquid','9e602a77-97af-3da3-8901-a31119a07a7f'),(333,111,42,'2023-07-04','dolor','neque exercitationem libero eum illo sint','a5097291-0bf3-30a9-aed4-7320db7e5859'),(334,153,27,'2024-10-06','aliquid','magni occaecati quibusdam laudantium quos ut','7093f98a-6994-3668-87f7-32a37d045abf'),(335,104,47,'2021-09-13','pariatur','occaecati voluptatem sint amet odio consequatur','15f16221-ff9d-3528-a40c-79fd6552fa41'),(336,155,9,'2020-06-16','magnam','cupiditate dicta amet culpa accusamus similique','0d822bf1-7db1-31c2-9c20-756485e237ec'),(337,184,44,'2023-05-04','quia','provident deleniti ipsum dicta tenetur enim','3faca501-10b0-37f3-a7a0-cf0bc816056d'),(338,80,49,'2021-09-11','dolor','consequatur quasi dolorem neque molestiae sint','6f09646d-68aa-33ac-8bda-ee9f62081bf8'),(339,82,39,'2024-07-24','occaecati','reprehenderit sit ut nihil eius aut','db0a662d-f48b-3a19-9326-ec13a8a080cf'),(340,71,24,'2020-12-17','aut','quia molestiae quod adipisci est perspiciatis','14481481-a77c-3b3e-83d5-d41230695954'),(341,96,14,'2023-06-07','asperiores','eaque fugiat cupiditate aspernatur ut doloribus','67d634de-049b-3a67-8d16-00cf772d2d33'),(342,63,3,'2021-10-16','perferendis','dolores quos fugiat repellat et officia','2eb772e3-0866-345c-8dd8-13015b751c5b'),(343,26,36,'2020-10-21','et','ut nostrum autem inventore vero ex','ea24c03a-fb63-38e2-aea8-8f3faef2f1e7'),(344,135,22,'2022-02-20','aliquid','sed et aperiam neque qui minus','afe63252-ad9b-3627-8f2f-d00f61e5c0c3'),(345,179,28,'2024-12-05','est','odit voluptatibus corporis nam recusandae in','dfbd0afb-d77e-353d-9ef8-b386d7d70b19'),(346,165,23,'2023-01-22','omnis','voluptatem amet ut dicta ducimus sit','f141e2f8-d1c0-3ac5-b78d-56037a26dc2b'),(347,125,31,'2023-09-26','eum','similique blanditiis aut aliquam quis fuga','5d7fff9e-4553-36e5-8605-722295104907'),(348,9,11,'2024-12-17','ut','quam quisquam ab vel quibusdam dolores','52abe088-5c03-38c4-8592-ec391674c808'),(349,107,15,'2023-04-04','molestiae','ut dignissimos vero magni omnis maiores','2ea144a3-e635-3e0a-aff8-dd2e46852489'),(350,180,25,'2020-07-16','nihil','sit qui voluptatem omnis laborum accusantium','304b60d7-c796-33c1-b480-b252474c99a6'),(351,39,37,'2020-06-19','eos','pariatur deleniti aut perspiciatis et quasi','7e25ae04-11a5-3e95-a6f7-301833b1fd58'),(352,85,49,'2023-06-05','assumenda','error libero sapiente dolores ut voluptas','7336dbeb-0ae0-3fae-a7a1-2cd3172a918f'),(353,82,29,'2021-05-19','et','accusantium et autem quas quo dolorem','e1fd6e1d-8e87-3f61-948d-1a2e69673655'),(354,9,24,'2021-09-20','molestias','dolorem voluptatem nostrum numquam praesentium aut','bbfd6a1b-7daf-3571-8aa1-193602e08b96'),(355,106,39,'2021-01-13','totam','possimus rerum ex libero eos in','aef1d9a6-e560-3eb7-8b9a-9d68a77ffbca'),(356,125,20,'2022-12-03','quam','id sequi minima exercitationem autem eligendi','acfb6738-e482-3220-86b1-5a15e6997eed'),(357,39,8,'2020-12-16','velit','minus hic praesentium officiis voluptas omnis','55bc9061-c8dc-3320-a82c-2fd126aaa593'),(358,80,25,'2021-01-20','corporis','minima vel ex qui dolorem ex','774e0ef7-377d-3b09-a4c5-eb280d91c3cd'),(359,117,11,'2021-01-31','minima','et illo fuga necessitatibus delectus culpa','88282bfa-0758-36c1-ad06-b3bfc2b226e1'),(360,182,22,'2022-12-05','rem','maiores sit perspiciatis totam temporibus corrupti','fd2b9d96-d41c-3026-867d-adf147e74402'),(361,179,26,'2021-04-24','sint','eos eligendi amet quo fuga doloremque','8092b1b6-05be-3b96-895d-967809779517'),(362,36,8,'2024-05-22','quidem','aperiam voluptatum est delectus laborum nostrum','90cf44b7-17aa-36d6-a2d1-368b667f87bb'),(363,111,18,'2022-04-20','placeat','impedit in enim itaque repellendus est','c4b5c3f2-912d-3001-9ee2-b18dfbf34f4f'),(364,108,31,'2022-02-11','est','aspernatur qui consequatur natus officiis rerum','ba3fbae6-01fa-38fb-a2f4-23f4d19c0ab1'),(365,21,41,'2020-07-12','sapiente','ipsa est ut inventore nesciunt qui','83359d77-c3ee-33a1-a10e-170e0304f343'),(366,139,16,'2023-12-22','consectetur','aut dolorem numquam aut dolor quia','69988f7f-fd10-3aa4-9c90-9d97e16fdda9'),(367,57,15,'2021-10-04','reiciendis','sed sed quasi harum impedit reiciendis','62432136-d547-3b20-89c7-f29729f99e43'),(368,181,9,'2023-11-15','et','non expedita veniam explicabo dignissimos officiis','2140efd4-616e-3bb7-9d0a-a18d55d9bca6'),(369,1,15,'2022-06-15','rerum','assumenda nostrum illo quo saepe incidunt','81684cca-3ce3-3ca6-a1eb-e67101af3d35'),(370,124,40,'2020-06-30','beatae','necessitatibus est harum vero voluptas sed','8bed2458-8311-31ff-ac91-5521150fbbf4'),(371,58,39,'2024-02-17','sapiente','aut at ad et et ipsam','1e356aed-35bb-33de-b0f4-904a35f28e10'),(372,173,31,'2024-11-09','et','accusantium fugit sit omnis ullam sed','e4eebdb1-d92a-340e-a26f-2362a2cb939a'),(373,24,24,'2022-12-21','natus','quo exercitationem nemo et id soluta','3fdf2502-8898-3665-b9c1-babd6a67bc05'),(374,141,29,'2024-05-24','quia','a alias non sint fugit qui','231ff445-1bcf-3270-9bf2-dcbaecbbc4a0'),(375,74,36,'2023-07-22','enim','qui enim dolorem excepturi laboriosam cumque','770ae0d6-409d-3659-970c-2823b6e6b689'),(376,19,21,'2020-09-09','voluptas','voluptatem ex dolores aspernatur sed consectetur','ca7902a6-2467-351d-8cee-c39d9ed2cf2d'),(377,24,8,'2022-08-04','accusamus','exercitationem explicabo error aspernatur molestiae neque','e366cbe1-e4d1-33af-9166-c8b61daa5ac2'),(378,115,32,'2024-10-06','ut','omnis qui minus qui rem voluptatem','da5512c8-b904-3ecc-b100-a34f1d220033'),(379,180,4,'2024-02-12','laboriosam','quo est dolorem quo ullam ea','356ed1cb-8c7d-3612-be01-4904cfe88909'),(380,91,28,'2022-03-09','nihil','cupiditate cumque et quod natus aperiam','5adb8d87-fac6-3850-9bef-ab6923773aa1'),(381,72,14,'2021-07-27','consequatur','at aliquam fugit animi autem excepturi','6876b2da-1b48-370b-893f-ed7af45ec82b'),(382,45,46,'2024-03-10','incidunt','error architecto tempore velit in sapiente','c7444873-6208-3c92-ad44-cef1be8d2c48'),(383,90,36,'2022-12-25','placeat','dignissimos quos beatae reiciendis veniam eveniet','7824b84a-76b1-3891-a13a-e0aeb349831a'),(384,138,38,'2024-11-19','aut','eos et nam nam sed porro','af846da8-d41a-35ac-9f77-92df60ec7fa6'),(385,155,48,'2020-08-21','ipsa','beatae provident id qui aut ducimus','aca736b1-4068-3f1f-a695-14e62ad7e93a'),(386,39,48,'2022-08-16','sint','quos dolore sunt autem ut exercitationem','c0592fd3-0e61-3e3c-babc-9ce517fc4e0d'),(387,105,29,'2020-12-09','consequuntur','blanditiis et incidunt minima id et','da55ad49-1160-3ded-a5ec-99c35bf7b942'),(388,140,9,'2021-03-02','quo','doloribus officia sed deleniti pariatur illo','65c21005-4e41-3527-b0d0-93b00aa91fde'),(389,95,1,'2023-12-26','enim','quia aut dolore delectus maxime autem','a4ee3997-e119-3883-beed-41579419578f'),(390,35,29,'2022-06-12','qui','a dolores illo saepe accusamus ab','8013ac64-8eaa-3157-8fe6-082f02fc8689'),(391,112,6,'2020-04-10','error','iusto doloremque sit libero porro officia','55141b42-f037-3e76-a9c8-bf977dcaec76'),(392,132,16,'2021-04-23','consectetur','quas ut suscipit iure eius est','322cb3d3-fc17-30bc-83e6-464d7e2fd183'),(393,61,18,'2021-12-07','et','sed consequuntur qui architecto eos dolor','0cfe7e3a-eeef-3122-8251-7bfb8165485a'),(394,21,13,'2023-12-17','omnis','et voluptatem sunt distinctio enim enim','48e37ebb-23fe-36bf-909b-851cb35e5ca7'),(395,90,8,'2020-07-03','qui','non perspiciatis in quia sed ullam','ab85f328-b614-3bbb-938c-492e035944bd'),(396,105,41,'2024-08-27','sunt','eos soluta et qui dolor ducimus','49538c15-8c19-3c23-9be6-48ad2919518a'),(397,112,36,'2025-03-01','quos','enim dolores repellendus illo fugiat quos','0c2603a4-34fe-3460-bb0e-2cdb0e8eb11a'),(398,67,38,'2022-02-10','quis','nihil adipisci ut nobis dignissimos et','7f92c3db-bf98-3d56-b3bf-f69f14f90860'),(399,18,4,'2023-07-23','recusandae','labore voluptas consequatur quisquam esse sit','5010e138-313b-3cac-abab-ec33e02b8a75'),(400,32,13,'2023-08-06','voluptatem','nisi ipsum ut beatae odio eaque','007eb32f-9f87-3c5e-b510-14a795c67dc1'),(401,70,47,'2022-12-08','quas','iure ut eum nam pariatur ipsum','72fdef0b-08b6-3d21-bf52-b8a5a35a0dc4'),(402,30,25,'2021-01-25','et','repudiandae iste quo quisquam ex consectetur','f2bd6530-4566-37a9-914d-8e71dce576d7'),(403,140,38,'2022-03-31','sunt','reiciendis quo laborum deleniti quaerat quibusdam','64eb4f99-bf54-3c90-b558-384641386eda'),(404,143,5,'2021-08-27','ut','expedita accusamus esse deleniti sit quas','b8555572-816a-3377-97f5-5d9f3ca7fa0d'),(405,150,10,'2022-10-30','nihil','dolorum reiciendis delectus dolorem hic voluptatem','37e60b7c-a43d-3d96-8172-473412d03708'),(406,47,24,'2020-07-26','nihil','itaque ullam aspernatur necessitatibus ut ducimus','0abfb31e-8362-3679-9e4e-c16c33dd1ba3'),(407,136,17,'2024-11-12','rerum','adipisci maxime vitae eos error dicta','ce60ca11-2b70-399a-a6bb-6b8328dbb816'),(408,54,9,'2024-11-16','dolorem','porro natus et minus voluptas ut','dc596f02-89fc-3760-a6fd-8715164f0e30'),(409,196,45,'2021-04-26','et','distinctio animi nisi officiis qui aspernatur','2f117a57-58d1-3f8c-8b2e-e176b20e1693'),(410,176,38,'2021-02-11','quidem','a commodi voluptatem dolores velit minus','6154cef4-e97c-3eca-b6ee-d7282e322b65'),(411,127,41,'2021-04-22','repellendus','perferendis repellat et odio repellat temporibus','99e5edac-aa14-375f-bcf7-f4c8378afdba'),(412,197,6,'2021-10-27','odio','et deserunt rerum sed sint placeat','3ef87488-b673-3e23-8c2c-1ac60cb0a932'),(413,133,42,'2023-12-26','eum','voluptas et alias qui id labore','3597d06f-1594-3061-897e-e13403a52000'),(414,159,6,'2024-08-29','nulla','fugit harum voluptatem nihil inventore odio','d45550b5-e61d-384e-8dcf-4478aca2bf9c'),(415,101,39,'2020-03-19','sed','ut optio nulla et est est','9089547f-2b4c-3025-9601-724d016ff79f'),(416,110,23,'2024-08-02','voluptatem','ut et voluptates mollitia exercitationem sequi','c8e2dbce-c3f0-38bd-b506-de7807b18e6f'),(417,76,14,'2022-12-05','occaecati','porro voluptas iusto commodi perferendis consectetur','a523ce55-b36b-3ab6-a2fe-286ca62f40c9'),(418,66,22,'2022-10-27','non','voluptatibus numquam sapiente molestias magnam et','37ee4d02-617a-34bb-8b9a-2106704c93b3'),(419,55,6,'2024-07-14','nihil','quas magnam fuga nam praesentium placeat','206d3a1a-eb5b-30d5-a34f-7eb721cd1430'),(420,57,19,'2020-11-25','nihil','fugiat dolor quia exercitationem cumque voluptate','16a60f97-2bc0-3d27-8eb4-103a009d84e9'),(421,122,2,'2021-09-11','autem','ut ducimus a minima vitae facere','b36942ba-28f9-36ab-a8f1-69a1cd1a9f0c'),(422,80,28,'2022-03-11','velit','iusto quo mollitia tempora ut voluptatem','34d28e79-2967-37f7-88d8-45c98b56a7e9'),(423,31,7,'2022-02-11','maiores','omnis totam qui amet sit quam','6a25ce1f-0ed1-3e81-a8e6-96bdb483079b'),(424,51,30,'2022-09-08','non','minus non ut quae sed quo','08ab0791-21a6-3140-987f-3133af17ffbd'),(425,49,11,'2022-02-11','et','sit voluptate veniam voluptatem quisquam provident','cecc0c59-0649-37fe-aca3-66536361c416'),(426,49,44,'2021-05-04','praesentium','non beatae praesentium veritatis minus incidunt','09ac64b9-a0e1-3104-9521-19411b0914f1'),(427,70,1,'2022-04-04','voluptas','molestiae consequatur enim soluta explicabo odit','4622718f-2145-3e06-9a64-4fd822a1c6b3'),(428,181,21,'2021-08-11','eaque','voluptatum vel praesentium non ipsum autem','9ec28194-e1df-3394-a5e8-9f4195c54fd6'),(429,66,2,'2021-08-27','molestiae','dolor vel ea omnis voluptas quas','54dc41fb-2195-3862-9741-0881ec16862b'),(430,99,15,'2022-10-14','fuga','rerum voluptate enim quod aut temporibus','556745bd-4287-345a-8963-ea9e5744be56'),(431,166,3,'2023-07-20','enim','suscipit soluta et culpa et dolores','fd2ccb60-28c3-34c9-897a-c07798b24f5c'),(432,25,14,'2020-06-12','optio','alias architecto suscipit alias ut molestiae','f03bbfdc-c083-3781-916f-db1d7b14e22f'),(433,192,8,'2023-09-21','velit','aliquid veniam qui enim veniam accusamus','4378a2d8-4c5f-3a46-870d-49146866e4c7'),(434,151,48,'2021-12-08','adipisci','corporis ut voluptatem voluptatibus error voluptas','86f24cf7-7fea-30de-806f-726f2b6499e0'),(435,164,6,'2021-12-29','molestiae','et porro et suscipit omnis quae','99bc82bc-da5b-32a1-a248-2ccd2a455891'),(436,20,19,'2020-07-22','qui','corrupti sit in qui neque possimus','be2617b2-3cc0-38ff-81aa-d3257f0aae8f'),(437,31,23,'2024-07-11','omnis','sint eos veritatis qui itaque minus','6ff8f05c-058f-36a8-833f-9c8d86baffba'),(438,135,11,'2023-10-09','quod','at qui voluptas reiciendis quia enim','c335f355-7c65-37f7-86f6-4438d47d86e2'),(439,121,2,'2020-09-27','illum','vel at architecto exercitationem at et','d35dea60-d4a8-3691-bcd6-ed6673001d6f'),(440,31,28,'2021-05-13','maiores','dignissimos quia pariatur ratione tenetur sequi','4cd84104-56de-357d-a21b-da8640e34ed9'),(441,33,19,'2020-05-20','voluptatibus','laborum ut ab saepe et harum','9014a80f-5841-3681-93c2-9a91b77ca7eb'),(442,153,24,'2021-12-12','in','error nemo vero ut deserunt voluptatum','b7bc3002-de6d-3e99-8355-eccacb3eb33e'),(443,112,29,'2024-03-02','aut','illo dolorum et eligendi perferendis placeat','3630ef9b-8ad1-3329-b0d2-1c1cae67582a'),(444,139,34,'2020-03-25','illo','earum omnis ut aperiam accusantium est','9f155e9f-9e4c-331e-a793-3150c117717f'),(445,108,48,'2022-01-08','id','doloremque voluptates est aut possimus voluptates','8d7b8fc4-8c3a-3b95-9042-a9225995eb60'),(446,97,39,'2020-10-01','et','soluta soluta qui quis et rerum','83daff21-0fe7-3eed-bce2-d3f8c4ac7166'),(447,9,41,'2021-03-31','temporibus','dolores iusto ut ratione dicta saepe','08a91925-2d0c-3610-9e38-a5abd6282dc6'),(448,111,27,'2024-10-27','ea','quis vero porro sed et optio','f8f26e55-cbef-350f-aba3-d01a7cba9778'),(449,107,14,'2021-08-24','non','eligendi sit eum non illo beatae','fa605efd-28e8-33a6-9be9-1973993132f7'),(450,121,40,'2024-06-23','molestiae','cumque et aut ut omnis quis','4998d4a9-0d76-3c6a-be3c-1ba5d3d3e15c'),(451,17,8,'2020-11-06','ab','velit quis aut unde reiciendis quos','73537480-b4c2-38c0-9d1a-d41182022f22'),(452,68,28,'2024-11-05','voluptate','in eum dicta facilis expedita rem','60deaa21-700f-36ca-9939-56ec9d7f0563'),(453,77,39,'2021-03-05','et','cumque itaque veritatis sit exercitationem ut','4e188e4e-69e7-38eb-af6f-1a9fe26eefdb'),(454,112,7,'2020-07-04','quo','velit cumque tempore neque autem eum','65ac7d95-12fb-347f-97fa-29a1fa5f4d1b'),(455,37,25,'2022-11-18','voluptas','autem ipsum delectus eos nobis quisquam','4ed03bd2-4029-322f-97e0-8fea7d53222d'),(456,19,50,'2020-08-19','placeat','aut unde aut expedita ut et','4b86a7e7-dcb5-3034-8c54-fbb36c487d2a'),(457,108,1,'2024-12-17','dolorem','consequuntur voluptatibus dolores rerum eos saepe','d4aa7192-9711-3436-90cf-a3c99a6b0fef'),(458,117,48,'2024-07-20','tempora','consequuntur eligendi earum repellat nihil maiores','5b9f3064-6c80-3dcd-a08e-b3a0c971b474'),(459,151,25,'2021-11-27','maxime','nemo omnis ut amet ab optio','e5feebfe-b216-37ed-9010-e425e2386c57'),(460,144,5,'2023-09-14','maiores','sed labore laborum ut quas quis','34f6b45c-ee45-36ed-ab4c-4d610ec39cb2'),(461,161,49,'2021-05-01','voluptatum','alias mollitia ut quia laudantium officiis','6f591212-bf95-3f61-a736-6619be41de7f'),(462,131,39,'2021-11-27','quae','aliquid sint soluta fuga qui blanditiis','a0164642-63ac-3a6b-b3f7-57e3005f4f7e'),(463,85,31,'2021-08-09','eligendi','et et id ad distinctio in','e6305aaa-855a-3973-9b95-8da132d01063'),(464,159,12,'2022-09-09','voluptatibus','repellendus eos voluptate in id pariatur','a9a4116e-6b19-3aae-9239-7eb5266f03fd'),(465,152,34,'2022-04-09','omnis','repellendus deleniti atque saepe necessitatibus mollitia','2bea23d8-44bc-3787-b0ee-bcb774d3c453'),(466,138,16,'2024-10-10','inventore','corporis eos nulla animi nihil veniam','e971d3fa-2a34-3a01-beff-d35676df3585'),(467,146,32,'2024-10-06','consequatur','numquam porro laboriosam voluptatem laboriosam voluptatem','0cb59cd5-befc-3324-b5f4-2af1cf0aa262'),(468,93,7,'2024-01-11','consequatur','id qui illum tenetur ex et','20d0f655-4b3d-326f-9409-ed2a279d51ec'),(469,45,19,'2025-01-06','aliquam','totam perspiciatis corporis eius corporis natus','42031c79-0fa4-3151-9745-93a54b99e928'),(470,162,30,'2024-11-27','fugiat','sequi sed ex est corrupti rerum','9627424e-e1bc-3e8d-93d2-ed301923c8f4'),(471,119,1,'2024-07-07','magnam','reiciendis enim est deserunt sunt nobis','67b42131-89fe-3adb-ab5d-129d78238d15'),(472,44,35,'2021-04-24','quis','sapiente velit facilis at quia aut','6a8c8680-9f54-3145-80f5-1a511eac8bfc'),(473,92,38,'2023-09-03','impedit','suscipit occaecati amet aliquam tempora placeat','99f939ae-18f0-3ee2-9656-0bd0d0cd4624'),(474,138,12,'2021-10-23','et','quidem enim voluptates sunt aut cumque','7d3bacad-6488-3907-88b8-1eec978e9be6'),(475,188,4,'2020-05-17','ea','impedit est maiores sunt accusantium ex','3b57be77-ac2a-337b-b4d5-1c143998da12'),(476,50,32,'2023-08-10','minus','est molestiae error velit aut corrupti','0ec1fe7b-2f4a-370d-a28f-d6b81f648dbd'),(477,124,34,'2021-06-19','similique','quae aut error vel voluptatem aliquid','99b6422e-6db7-3800-899d-df7263ec1c21'),(478,14,40,'2020-05-31','consequatur','perferendis dolor et id fuga accusamus','ddb11434-e136-3657-8ee8-6b2637db7e38'),(479,178,10,'2021-11-19','reprehenderit','fugit tempore perferendis qui facere deserunt','a278db3f-9574-354c-bd21-f01109469f8b'),(480,84,49,'2023-10-19','enim','quaerat veritatis sit officiis incidunt officiis','19915bbc-853a-37e9-8965-98d9d80de28e'),(481,74,20,'2024-03-09','expedita','temporibus tempora sed consequuntur sunt est','8c768e41-3d90-389e-8801-d5efed3b051e'),(482,99,43,'2024-09-28','consequatur','optio nihil inventore molestiae impedit enim','3401a9cf-9b29-35dc-84a5-f44c8760744b'),(483,150,31,'2023-04-11','ipsum','nostrum quod commodi aliquid consequuntur voluptatum','b8827256-2e4f-3be4-8261-9d295d2718eb'),(484,72,26,'2022-05-06','explicabo','et quia assumenda sed aperiam pariatur','a8d65835-732e-3ece-b465-42a045f939b3'),(485,57,9,'2020-12-12','illo','similique perferendis alias vero possimus sed','93035d1d-047f-3188-a68d-6065bc62f2ca'),(486,88,7,'2020-12-22','labore','tenetur fugiat adipisci est beatae voluptas','fdb1c4b7-4721-3554-b09a-1c122058ced1'),(487,160,37,'2024-02-02','blanditiis','consectetur explicabo nulla at non modi','6de2ad63-1117-37c2-a43f-9c46640e1ef9'),(488,10,23,'2020-08-14','maxime','et officiis et et ullam nemo','f72356df-fe99-3e87-8606-e8cacf7c5302'),(489,184,33,'2023-10-18','repudiandae','quia quia aut quo occaecati quidem','2521efaf-95d8-3bfa-8657-dd65e6ac0720'),(490,152,36,'2023-09-15','quia','a ea facere a ullam minima','acd8ccfb-378e-3da1-8e2c-11a830cc94fc'),(491,82,27,'2022-05-23','exercitationem','laboriosam doloribus molestiae nemo dolores maiores','60619875-8212-3eef-94d8-c978cc94a152'),(492,135,4,'2023-06-09','animi','voluptas eligendi ab consequuntur sit quasi','027a59ab-26fa-364f-93e3-4b2356091809'),(493,25,31,'2021-06-17','sint','minima et consectetur eos cumque sunt','0695fc39-f9db-3235-91d6-9b9fc5ec229c'),(494,48,20,'2020-08-03','at','ut quis voluptates voluptas odit repellat','e530373e-5da5-3e4c-ae52-eac748bbb60a'),(495,188,34,'2023-08-05','natus','ut maiores sed numquam aut consectetur','1344a9af-1ef8-3278-9c65-c9c1e84c5501'),(496,151,24,'2023-06-22','ipsa','porro rerum architecto sequi vel quo','349462da-df8a-3e6c-a45c-d99b86530715'),(497,119,6,'2022-11-09','placeat','porro dolores qui assumenda et labore','52ec64ba-7ee1-3cf6-8d39-22f27ac88a65'),(498,24,12,'2020-05-08','autem','voluptatem beatae qui sunt veritatis non','f43b8214-68ac-3845-82fe-eaf12d666e08'),(499,17,35,'2021-08-03','molestias','ut esse suscipit voluptatem recusandae assumenda','252a4914-2ec5-31ab-9a38-cf4ac7c5d6f7'),(500,53,11,'2021-04-09','nihil','dolore earum aspernatur velit recusandae accusantium','84602dde-3571-345b-8a5b-1af9edd1a820');
/*!40000 ALTER TABLE `transaction` ENABLE KEYS */;
UNLOCK TABLES;
/*!40103 SET TIME_ZONE=@OLD_TIME_ZONE */;

/*!40101 SET SQL_MODE=@OLD_SQL_MODE */;
/*!40014 SET FOREIGN_KEY_CHECKS=@OLD_FOREIGN_KEY_CHECKS */;
/*!40014 SET UNIQUE_CHECKS=@OLD_UNIQUE_CHECKS */;
/*!40101 SET CHARACTER_SET_CLIENT=@OLD_CHARACTER_SET_CLIENT */;
/*!40101 SET CHARACTER_SET_RESULTS=@OLD_CHARACTER_SET_RESULTS */;
/*!40101 SET COLLATION_CONNECTION=@OLD_COLLATION_CONNECTION */;
/*!40111 SET SQL_NOTES=@OLD_SQL_NOTES */;

-- Dump completed on 2025-03-02 22:36:51
